[{"model": "contenttypes.contenttype", "pk": 1, "fields": {"app_label": "admin", "model": "logentry"}}, {"model": "contenttypes.contenttype", "pk": 2, "fields": {"app_label": "auth", "model": "permission"}}, {"model": "contenttypes.contenttype", "pk": 3, "fields": {"app_label": "auth", "model": "group"}}, {"model": "contenttypes.contenttype", "pk": 4, "fields": {"app_label": "auth", "model": "user"}}, {"model": "contenttypes.contenttype", "pk": 5, "fields": {"app_label": "contenttypes", "model": "contenttype"}}, {"model": "contenttypes.contenttype", "pk": 6, "fields": {"app_label": "sessions", "model": "session"}}, {"model": "contenttypes.contenttype", "pk": 7, "fields": {"app_label": "personnels", "model": "academicdegree"}}, {"model": "contenttypes.contenttype", "pk": 8, "fields": {"app_label": "personnels", "model": "biography"}}, {"model": "contenttypes.contenttype", "pk": 9, "fields": {"app_label": "personnels", "model": "department"}}, {"model": "contenttypes.contenttype", "pk": 10, "fields": {"app_label": "personnels", "model": "persona"}}, {"model": "contenttypes.contenttype", "pk": 11, "fields": {"app_label": "personnels", "model": "seat"}}, {"model": "contenttypes.contenttype", "pk": 12, "fields": {"app_label": "personnels", "model": "speciality"}}, {"model": "contenttypes.contenttype", "pk": 13, "fields": {"app_label": "personnels", "model": "rating"}}, {"model": "contenttypes.contenttype", "pk": 14, "fields": {"app_label": "personnels", "model": "comment"}}, {"model": "contenttypes.contenttype", "pk": 15, "fields": {"app_label": "thumbnail", "model": "kvstore"}}, {"model": "contenttypes.contenttype", "pk": 16, "fields": {"app_label": "structure", "model": "license"}}, {"model": "sessions.session", "pk": "3nqpprrr42dt2x1t554non05fgplu127", "fields": {"session_data": "NjM5ZmI2OGNhMzBhNDQ3NTM0MGJjZTc0YmI2NGU4ZTI2NTJjNjA3YTp7Il9hdXRoX3VzZXJfaWQiOiI3IiwiX2F1dGhfdXNlcl9iYWNrZW5kIjoiZGphbmdvLmNvbnRyaWIuYXV0aC5iYWNrZW5kcy5Nb2RlbEJhY2tlbmQiLCJfYXV0aF91c2VyX2hhc2giOiJmYzRmZmNmMzc1M2NlOGQ1YzQ2YTlkOGJiYTQ5ODUxNmZhNzY4MWMwIn0=", "expire_date": "2023-05-25T07:44:11.185Z"}}, {"model": "sessions.session", "pk": "4ylaow0yhj99phybnoxkyitrhat7epm1", "fields": {"session_data": "OGM2NzkyNDYxMmMzOTg4NTg2Y2RmODBlNjgwODhlZGExYjU1N2I5ODp7Il9hdXRoX3VzZXJfaWQiOiIxMSIsIl9hdXRoX3VzZXJfYmFja2VuZCI6ImRqYW5nby5jb250cmliLmF1dGguYmFja2VuZHMuTW9kZWxCYWNrZW5kIiwiX2F1dGhfdXNlcl9oYXNoIjoiNjQ2NzkzOTViYmJiMWIyOTZjZTdmZjBiZDRjMzNmMzYyZWE4NDJkMiJ9", "expire_date": "2023-06-01T10:31:27.344Z"}}, {"model": "sessions.session", "pk": "a15gfl595lbwg9d2gdop11b2bab91743", "fields": {"session_data": "MmIxZjNkZDE2YjhkMjhiZTczYTEyNGJiMDkxYjFlY2NkNDE4ZGIzOTp7Il9hdXRoX3VzZXJfaWQiOiIzIiwiX2F1dGhfdXNlcl9iYWNrZW5kIjoiZGphbmdvLmNvbnRyaWIuYXV0aC5iYWNrZW5kcy5Nb2RlbEJhY2tlbmQiLCJfYXV0aF91c2VyX2hhc2giOiI1M2ZkZTk3NDc5OGIyOWEzNTBmNmFmMzcxODcyNmVjODdiMzFiMGEwIn0=", "expire_date": "2023-05-08T17:15:24.487Z"}}, {"model": "sessions.session", "pk": "aebt562undumxgknm3jez5nhmh9hrb75", "fields": {"session_data": "NDMwNjJiNTI4NDUwOGQzMTM0NDBmYThjN2Q3ZmIzYzgwNjU4YTlmNjp7Il9hdXRoX3VzZXJfaWQiOiI5IiwiX2F1dGhfdXNlcl9iYWNrZW5kIjoiZGphbmdvLmNvbnRyaWIuYXV0aC5iYWNrZW5kcy5Nb2RlbEJhY2tlbmQiLCJfYXV0aF91c2VyX2hhc2giOiI2ZWJiMGI3NzU1OWNiNDUxZDVmZmUxYWIxMWZjZjQyNjQ4Y2U3YTc3In0=", "expire_date": "2023-05-29T12:46:12.198Z"}}, {"model": "sessions.session", "pk": "edt59nn64eoxr73sv554prggfthgvshr", "fields": {"session_data": "ZTRhZTIzZWM4MzI0ZmM1ZTQxZmZmOTU2NTFmNjNjMmE3ZDVkMWFlMzp7Il9hdXRoX3VzZXJfaWQiOiI0IiwiX2F1dGhfdXNlcl9iYWNrZW5kIjoiZGphbmdvLmNvbnRyaWIuYXV0aC5iYWNrZW5kcy5Nb2RlbEJhY2tlbmQiLCJfYXV0aF91c2VyX2hhc2giOiI4NmRhZjAxNzRiMTMwNDFjMjFlYzEyZTI4ODFkNTQxZWQ1NjZiZDU0In0=", "expire_date": "2023-05-14T03:58:26.885Z"}}, {"model": "sessions.session", "pk": "hjqk2evh9jolbsxj8wz5908l0qftfxa6", "fields": {"session_data": "NTRmYTIyZjZkNTJhYTM3MTc1ZWU4YjEwZGIwNzQ0ZDU4ZjZlZGY0ZTp7Il9hdXRoX3VzZXJfaWQiOiIxIiwiX2F1dGhfdXNlcl9iYWNrZW5kIjoiZGphbmdvLmNvbnRyaWIuYXV0aC5iYWNrZW5kcy5Nb2RlbEJhY2tlbmQiLCJfYXV0aF91c2VyX2hhc2giOiI2OTUxZWM1YzkxMTNiNzA2ODJlYjcwMzliZmFmMmRlNTllOWFlNjhhIn0=", "expire_date": "2023-05-10T08:07:28.474Z"}}, {"model": "sessions.session", "pk": "hpd05e6tw3h7hsx44aprj9dll0mvmtij", "fields": {"session_data": "NTRmYTIyZjZkNTJhYTM3MTc1ZWU4YjEwZGIwNzQ0ZDU4ZjZlZGY0ZTp7Il9hdXRoX3VzZXJfaWQiOiIxIiwiX2F1dGhfdXNlcl9iYWNrZW5kIjoiZGphbmdvLmNvbnRyaWIuYXV0aC5iYWNrZW5kcy5Nb2RlbEJhY2tlbmQiLCJfYXV0aF91c2VyX2hhc2giOiI2OTUxZWM1YzkxMTNiNzA2ODJlYjcwMzliZmFmMmRlNTllOWFlNjhhIn0=", "expire_date": "2023-05-31T06:02:58.163Z"}}, {"model": "sessions.session", "pk": "ib0u1uca1t4vwwlamm21h5qnftovx2ah", "fields": {"session_data": "NjAzZjdmMDU1ZGE0MTM4OGM3NTBmNmZjMWVlMmIwMDFiZDc2MDUzNjp7Il9hdXRoX3VzZXJfaWQiOiIxNCIsIl9hdXRoX3VzZXJfYmFja2VuZCI6ImRqYW5nby5jb250cmliLmF1dGguYmFja2VuZHMuTW9kZWxCYWNrZW5kIiwiX2F1dGhfdXNlcl9oYXNoIjoiNGZmZjA1NWEyODRjNmExOGM2OWJjNjE2Mjg5ZTg2YWJlZGJhNGE3ZCJ9", "expire_date": "2023-06-09T22:36:58.727Z"}}, {"model": "sessions.session", "pk": "kmq4mpg1kmpaxe6a13qdpahjq8reknbc", "fields": {"session_data": "NTRmYTIyZjZkNTJhYTM3MTc1ZWU4YjEwZGIwNzQ0ZDU4ZjZlZGY0ZTp7Il9hdXRoX3VzZXJfaWQiOiIxIiwiX2F1dGhfdXNlcl9iYWNrZW5kIjoiZGphbmdvLmNvbnRyaWIuYXV0aC5iYWNrZW5kcy5Nb2RlbEJhY2tlbmQiLCJfYXV0aF91c2VyX2hhc2giOiI2OTUxZWM1YzkxMTNiNzA2ODJlYjcwMzliZmFmMmRlNTllOWFlNjhhIn0=", "expire_date": "2023-05-31T10:04:49.399Z"}}, {"model": "sessions.session", "pk": "niqn9fse3qto46x9xh208rpz3ydqr250", "fields": {"session_data": "M2Q5MjU0MGU1MzY4YmYzZmE2MDQzNDdmZTU4Y2YyZWNiNjZkMGFkYzp7Il9hdXRoX3VzZXJfaWQiOiIxNiIsIl9hdXRoX3VzZXJfYmFja2VuZCI6ImRqYW5nby5jb250cmliLmF1dGguYmFja2VuZHMuTW9kZWxCYWNrZW5kIiwiX2F1dGhfdXNlcl9oYXNoIjoiNTc0ZjgyZmRiYmNlOGQ4ZjRiOGQzYjVmMzlmZGQ4MGZjOTMwYzdmYyJ9", "expire_date": "2023-06-16T06:05:03.119Z"}}, {"model": "sessions.session", "pk": "nlshqh8jufuzjuzn2677u9u43ivpbm1o", "fields": {"session_data": "NTRmYTIyZjZkNTJhYTM3MTc1ZWU4YjEwZGIwNzQ0ZDU4ZjZlZGY0ZTp7Il9hdXRoX3VzZXJfaWQiOiIxIiwiX2F1dGhfdXNlcl9iYWNrZW5kIjoiZGphbmdvLmNvbnRyaWIuYXV0aC5iYWNrZW5kcy5Nb2RlbEJhY2tlbmQiLCJfYXV0aF91c2VyX2hhc2giOiI2OTUxZWM1YzkxMTNiNzA2ODJlYjcwMzliZmFmMmRlNTllOWFlNjhhIn0=", "expire_date": "2023-05-08T16:56:30.975Z"}}, {"model": "sessions.session", "pk": "opvzes7x615bvlz25dovvfx7xhphtc44", "fields": {"session_data": "NDY5MGI0YTIwNjc2N2ZiMmUyYzFkYzFlODE1ZTc3ODUyNmVjNmRjYTp7Il9hdXRoX3VzZXJfaWQiOiI4IiwiX2F1dGhfdXNlcl9iYWNrZW5kIjoiZGphbmdvLmNvbnRyaWIuYXV0aC5iYWNrZW5kcy5Nb2RlbEJhY2tlbmQiLCJfYXV0aF91c2VyX2hhc2giOiI5MjgzY2M2YTBjZGFlOWRkNmI5YzBlZTI4NDEzOTRmMjg3ZTdjMThlIn0=", "expire_date": "2023-05-26T08:51:22.409Z"}}, {"model": "sessions.session", "pk": "p1y234idmpuxhhfqqh5ta4a46qm2ukgk", "fields": {"session_data": "NTg5NDQyNTdjNzAxZmZlZDY4NDhjNmY3MDQ4NTdhMjUwYjZjOTI3Mjp7Il9hdXRoX3VzZXJfaWQiOiIxMyIsIl9hdXRoX3VzZXJfYmFja2VuZCI6ImRqYW5nby5jb250cmliLmF1dGguYmFja2VuZHMuTW9kZWxCYWNrZW5kIiwiX2F1dGhfdXNlcl9oYXNoIjoiM2M4MmJhODU5YTg4YzRmMTc4NmY0YTBiZTUwYTY2Y2QwMjU5MTUwNCJ9", "expire_date": "2023-06-07T10:09:49.214Z"}}, {"model": "sessions.session", "pk": "pd698a2cdd7a6atdenrqy319o6uuueqf", "fields": {"session_data": "MTIzNzE2ZGE5YWFmZjQ3ZjY5MGZiNTJiZmUyNWNlMjIzZjUwZmExMTp7Il9hdXRoX3VzZXJfaWQiOiIxNSIsIl9hdXRoX3VzZXJfYmFja2VuZCI6ImRqYW5nby5jb250cmliLmF1dGguYmFja2VuZHMuTW9kZWxCYWNrZW5kIiwiX2F1dGhfdXNlcl9oYXNoIjoiYTAwZjU3YThmMWI2YWU5ZjYwNDc5N2VmZTA2NDFmNmUxMjQ3N2RiZSJ9", "expire_date": "2023-06-14T05:56:38.847Z"}}, {"model": "sessions.session", "pk": "q64fh07s6hpjg890xjz85b059ls8s5z1", "fields": {"session_data": "NTRmYTIyZjZkNTJhYTM3MTc1ZWU4YjEwZGIwNzQ0ZDU4ZjZlZGY0ZTp7Il9hdXRoX3VzZXJfaWQiOiIxIiwiX2F1dGhfdXNlcl9iYWNrZW5kIjoiZGphbmdvLmNvbnRyaWIuYXV0aC5iYWNrZW5kcy5Nb2RlbEJhY2tlbmQiLCJfYXV0aF91c2VyX2hhc2giOiI2OTUxZWM1YzkxMTNiNzA2ODJlYjcwMzliZmFmMmRlNTllOWFlNjhhIn0=", "expire_date": "2023-05-27T15:58:29.011Z"}}, {"model": "sessions.session", "pk": "s0ir1q091w75ptyxdka1n7mmc6g0x6s8", "fields": {"session_data": "Mjk3MDI2YTczMGZhM2NmMjY4MDE3ZmU5ODc4MzJmZWZlMmMyZDU2NTp7Il9hdXRoX3VzZXJfaWQiOiIxMCIsIl9hdXRoX3VzZXJfYmFja2VuZCI6ImRqYW5nby5jb250cmliLmF1dGguYmFja2VuZHMuTW9kZWxCYWNrZW5kIiwiX2F1dGhfdXNlcl9oYXNoIjoiZjEzMTk1MGMzODMxZjhiZTcyMGZjMmQ4YWM2YmMwODUzNjY5NzBiOSJ9", "expire_date": "2023-06-01T08:56:18.111Z"}}, {"model": "sessions.session", "pk": "um8zxe2feut04f9au1rwilcziudrrg0n", "fields": {"session_data": "NTRmYTIyZjZkNTJhYTM3MTc1ZWU4YjEwZGIwNzQ0ZDU4ZjZlZGY0ZTp7Il9hdXRoX3VzZXJfaWQiOiIxIiwiX2F1dGhfdXNlcl9iYWNrZW5kIjoiZGphbmdvLmNvbnRyaWIuYXV0aC5iYWNrZW5kcy5Nb2RlbEJhY2tlbmQiLCJfYXV0aF91c2VyX2hhc2giOiI2OTUxZWM1YzkxMTNiNzA2ODJlYjcwMzliZmFmMmRlNTllOWFlNjhhIn0=", "expire_date": "2023-05-28T10:02:46.339Z"}}, {"model": "sessions.session", "pk": "w6h80vdrvwui33ro5ao1wrjji3duum5c", "fields": {"session_data": "NDM0Y2MzNTlhNDgwMWM0MWI5NjRjOGVmMzBmYTVjYjNiNGI1NTAyYTp7Il9hdXRoX3VzZXJfaWQiOiI2IiwiX2F1dGhfdXNlcl9iYWNrZW5kIjoiZGphbmdvLmNvbnRyaWIuYXV0aC5iYWNrZW5kcy5Nb2RlbEJhY2tlbmQiLCJfYXV0aF91c2VyX2hhc2giOiI1YjIzMmQ4MTllNmFjYzk0ZDdjNGU3MjU4OWJlOTE2MmIyYTNiYmEwIn0=", "expire_date": "2023-05-24T13:17:39.615Z"}}, {"model": "sessions.session", "pk": "xeqf20sy9tgjhelpwms19zy3apnli8h0", "fields": {"session_data": "NTRmYTIyZjZkNTJhYTM3MTc1ZWU4YjEwZGIwNzQ0ZDU4ZjZlZGY0ZTp7Il9hdXRoX3VzZXJfaWQiOiIxIiwiX2F1dGhfdXNlcl9iYWNrZW5kIjoiZGphbmdvLmNvbnRyaWIuYXV0aC5iYWNrZW5kcy5Nb2RlbEJhY2tlbmQiLCJfYXV0aF91c2VyX2hhc2giOiI2OTUxZWM1YzkxMTNiNzA2ODJlYjcwMzliZmFmMmRlNTllOWFlNjhhIn0=", "expire_date": "2023-05-25T06:42:39.925Z"}}, {"model": "sessions.session", "pk": "yjtu24waak3zx8damq016f646jep02kz", "fields": {"session_data": "NTRmYTIyZjZkNTJhYTM3MTc1ZWU4YjEwZGIwNzQ0ZDU4ZjZlZGY0ZTp7Il9hdXRoX3VzZXJfaWQiOiIxIiwiX2F1dGhfdXNlcl9iYWNrZW5kIjoiZGphbmdvLmNvbnRyaWIuYXV0aC5iYWNrZW5kcy5Nb2RlbEJhY2tlbmQiLCJfYXV0aF91c2VyX2hhc2giOiI2OTUxZWM1YzkxMTNiNzA2ODJlYjcwMzliZmFmMmRlNTllOWFlNjhhIn0=", "expire_date": "2023-05-26T08:51:44.466Z"}}, {"model": "sessions.session", "pk": "zokbkio59ldqi6mey1wa642xorte0rqj", "fields": {"session_data": "ZTQwYzk2OGQ1MGEyMTA0NzIyNDlmYWJlY2U0MDlhOWYyNWQwOTNhYzp7Il9hdXRoX3VzZXJfaWQiOiIxMiIsIl9hdXRoX3VzZXJfYmFja2VuZCI6ImRqYW5nby5jb250cmliLmF1dGguYmFja2VuZHMuTW9kZWxCYWNrZW5kIiwiX2F1dGhfdXNlcl9oYXNoIjoiNjU0MTZjMWYwYTFhZWVmODA5ODliNzZjZmJlYjFlMzM2NTlkNWRkZiJ9", "expire_date": "2023-06-06T10:53:39.275Z"}}, {"model": "personnels.seat", "pk": 1, "fields": {"name": "\u0432\u0440\u0430\u0447-\u043e\u043d\u043a\u043e\u043b\u043e\u0433", "slug": "cancer-doc"}}, {"model": "personnels.seat", "pk": 2, "fields": {"name": "\u0417\u0430\u0432\u0435\u0434\u0443\u044e\u0449\u0438\u0439 \u043e\u0442\u0434\u0435\u043b\u0435\u043d\u0438\u0435\u043c", "slug": "zavotdel"}}, {"model": "personnels.academicdegree", "pk": 1, "fields": {"name": "\u041a\u0430\u043d\u0434\u0438\u0434\u0430\u0442 \u043c\u0435\u0434\u0438\u0446\u0438\u043d\u0441\u043a\u0438\u0445 \u043d\u0430\u0443\u043a", "slug": "KMN"}}, {"model": "personnels.department", "pk": 1, "fields": {"title": "\u041f\u043e\u043b\u0438\u043a\u043b\u0438\u043d\u0438\u043a\u0430", "slug": "policlinik", "description": "", "adding_rate": true}}, {"model": "personnels.department", "pk": 2, "fields": {"title": "\u0426\u0410\u041e\u041f", "slug": "CAOP", "description": "", "adding_rate": true}}, {"model": "personnels.department", "pk": 3, "fields": {"title": "\u0426\u0438\u0442\u043e\u043b\u043e\u0433\u0438\u0447\u0435\u0441\u043a\u0430\u044f \u043b\u0430\u0431\u043e\u0440\u0430\u0442\u043e\u0440\u0438\u044f", "slug": "citlab", "description": "", "adding_rate": false}}, {"model": "personnels.department", "pk": 4, "fields": {"title": "\u041a\u043b\u0438\u043d\u0438\u043a\u043e-\u0434\u0438\u0430\u0433\u043d\u043e\u0441\u0442\u0438\u0447\u0435\u0441\u043a\u0430\u044f \u043b\u0430\u0431\u043e\u0440\u0430\u0442\u043e\u0440\u0438\u044f", "slug": "KDL", "description": "", "adding_rate": false}}, {"model": "personnels.department", "pk": 5, "fields": {"title": "\u041f\u0430\u0442\u043e\u043b\u043e\u0433\u043e\u0430\u043d\u0430\u0442\u043e\u043c\u0438\u0447\u0435\u0441\u043a\u043e\u0435 \u043e\u0442\u0434\u0435\u043b\u0435\u043d\u0438\u0435", "slug": "Patanatomy", "description": "", "adding_rate": false}}, {"model": "personnels.department", "pk": 6, "fields": {"title": "\u0425\u0438\u043c\u0438\u043e\u0442\u0435\u0440\u0430\u043f\u0435\u0432\u0442\u0438\u0447\u0435\u0441\u043a\u043e\u0435 \u043e\u0442\u0434\u0435\u043b\u0435\u043d\u0438\u0435 \u2116 1", "slug": "HTO1", "description": "", "adding_rate": false}}, {"model": "personnels.department", "pk": 7, "fields": {"title": "\u0425\u0438\u043c\u0438\u043e\u0442\u0435\u0440\u0430\u043f\u0435\u0432\u0442\u0438\u0447\u0435\u0441\u043a\u043e\u0435 \u043e\u0442\u0434\u0435\u043b\u0435\u043d\u0438\u0435 \u2116 2", "slug": "HTO2", "description": "", "adding_rate": false}}, {"model": "personnels.department", "pk": 8, "fields": {"title": "\u041e\u0442\u0434\u0435\u043b\u0435\u043d\u0438\u0435 \u043b\u0443\u0447\u0435\u0432\u043e\u0439 \u0434\u0438\u0430\u0433\u043d\u043e\u0441\u0442\u0438\u043a\u0438", "slug": "luchevaia-diagnostica", "description": "", "adding_rate": false}}, {"model": "personnels.department", "pk": 9, "fields": {"title": "\u041e\u0410\u0420\u0418\u0422", "slug": "OARIT", "description": "", "adding_rate": false}}, {"model": "personnels.department", "pk": 10, "fields": {"title": "\u0414\u043d\u0435\u0432\u043d\u043e\u0439 \u0441\u0442\u0430\u0446\u0438\u043e\u043d\u0430\u0440 \u0445\u0438\u043c\u0438\u043e\u0442\u0435\u0440\u0430\u043f\u0438\u0438", "slug": "Dnevnoi-stacionar-him", "description": "", "adding_rate": false}}, {"model": "personnels.department", "pk": 11, "fields": {"title": "\u041e\u0442\u0434\u0435\u043b\u0435\u043d\u0438\u0435 \u0432\u043d\u0443\u0442\u0440\u0438\u043f\u0440\u043e\u0441\u0432\u0435\u0442\u043d\u043e\u0439 \u044d\u043d\u0434\u043e\u0441\u043a\u043e\u043f\u0438\u0447\u0435\u0441\u043a\u043e\u0439 \u0434\u0438\u0430\u0433\u043d\u043e\u0441\u0442\u0438\u043a\u0438", "slug": "endoscopy", "description": "", "adding_rate": false}}, {"model": "personnels.department", "pk": 12, "fields": {"title": "\u041e\u0442\u0434\u0435\u043b\u0435\u043d\u0438\u0435 \u0440\u0430\u0434\u0438\u043e\u0442\u0435\u0440\u0430\u043f\u0438\u0438", "slug": "Radio", "description": "", "adding_rate": false}}, {"model": "personnels.department", "pk": 13, "fields": {"title": "\u041e\u0442\u0434\u0435\u043b\u0435\u043d\u0438\u0435 \u043f\u0430\u043b\u043b\u0438\u0430\u0442\u0438\u0432\u043d\u043e\u0439 \u043f\u043e\u043c\u043e\u0449\u0438 \u043e\u043d\u043a\u043e\u043b\u043e\u0433\u0438\u0447\u0435\u0441\u043a\u0438\u043c \u0431\u043e\u043b\u044c\u043d\u044b\u043c", "slug": "OPPOB", "description": "", "adding_rate": false}}, {"model": "personnels.department", "pk": 14, "fields": {"title": "\u041f\u0440\u0438\u0435\u043c\u043d\u043e\u0435 \u043e\u0442\u0434\u0435\u043b\u0435\u043d\u0438\u0435", "slug": "Priem", "description": "", "adding_rate": false}}, {"model": "personnels.department", "pk": 15, "fields": {"title": "\u041e\u0442\u0434\u0435\u043b\u0435\u043d\u0438\u0435 \u043e\u043f\u0443\u0445\u043e\u043b\u0435\u0439 \u043c\u043e\u043b\u043e\u0447\u043d\u043e\u0439 \u0436\u0435\u043b\u0435\u0437\u044b", "slug": "mamology", "description": "", "adding_rate": false}}, {"model": "personnels.department", "pk": 16, "fields": {"title": "\u041e\u0442\u0434\u0435\u043b\u0435\u043d\u0438\u0435 \u043e\u043d\u043a\u043e\u0433\u0438\u043d\u0435\u043a\u043e\u043b\u043e\u0433\u0438\u0438", "slug": "ginecology", "description": "", "adding_rate": false}}, {"model": "personnels.department", "pk": 17, "fields": {"title": "\u041e\u0442\u0434\u0435\u043b\u0435\u043d\u0438\u0435 \u0430\u0431\u0434\u043e\u043c\u0438\u043d\u0430\u043b\u044c\u043d\u043e\u0439 \u043e\u043d\u043a\u043e\u043b\u043e\u0433\u0438\u0438", "slug": "abdom", "description": "", "adding_rate": false}}, {"model": "personnels.department", "pk": 18, "fields": {"title": "\u041e\u0442\u0434\u0435\u043b\u0435\u043d\u0438\u0435 \u043e\u043d\u043a\u043e\u0443\u0440\u043e\u043b\u043e\u0433\u0438\u0438", "slug": "urology", "description": "", "adding_rate": false}}, {"model": "personnels.department", "pk": 19, "fields": {"title": "\u041e\u0442\u0434\u0435\u043b\u0435\u043d\u0438\u0435 \u043e\u043f\u0443\u0445\u043e\u043b\u0435\u0439 \u0433\u043e\u043b\u043e\u0432\u044b \u0438 \u0448\u0435\u0438", "slug": "golova-i-sheia", "description": "", "adding_rate": false}}, {"model": "personnels.persona", "pk": 1, "fields": {"first_name": "\u0425\u0435\u0434\u0438", "last_name": "\u0412\u0438\u0442\u0430\u0435\u0432\u0430", "patronymic_name": "\u042f\u0445\u044a\u044f\u0435\u0432\u043d\u0430", "created_at": "2023-04-24T16:41:11.434Z", "updated_at": "2023-06-08T08:12:47.384Z", "education": "\u0427\u0435\u0447\u0435\u043d\u0441\u043a\u0438\u0439 \u0433\u043e\u0441\u0443\u0434\u0430\u0440\u0441\u0442\u0432\u0435\u043d\u043d\u044b\u0439 \u0443\u043d\u0438\u0432\u0435\u0440\u0441\u0438\u0442\u0435\u0442,  2012\u0433. \u041b\u0435\u0447\u0435\u0431\u043d\u043e\u0435 \u0434\u0435\u043b\u043e.\r\n\u0418\u043d\u0442\u0435\u0440\u043d\u0430\u0442\u0443\u0440\u0430, \u0427\u0435\u0447\u0435\u043d\u0441\u043a\u0438\u0439 \u0433\u043e\u0441\u0443\u0434\u0430\u0440\u0441\u0442\u0432\u0435\u043d\u043d\u044b\u0439 \u0443\u043d\u0438\u0432\u0435\u0440\u0441\u0438\u0442\u0435\u0442, \u0445\u0438\u0440\u0443\u0440\u0433\u0438\u044f, \u0441 01.09.2011\u0433. \u043f\u043e 23.07.2012\u0433., \u0443\u0434\u043e\u0441\u0442\u043e\u0432\u0435\u0440\u0435\u043d\u0438\u0435 \u211670 \u0432\u044b\u0434\u0430\u043d\u043e 25.08.2012\u0433.", "qualification": "\u0414\u0438\u043f\u043b\u043e\u043c \u043e \u043f\u0440\u043e\u0444\u0435\u0441\u0441\u0438\u043e\u043d\u0430\u043b\u044c\u043d\u043e\u0439 \u043f\u0435\u0440\u0435\u043f\u043e\u0434\u0433\u043e\u0442\u043e\u0432\u043a\u0435, \u041a\u0443\u0431\u0430\u043d\u0441\u043a\u0438\u0439 \u0433\u043e\u0441\u0443\u0434\u0430\u0440\u0441\u0442\u0432\u0435\u043d\u043d\u044b\u0439 \u043c\u0435\u0434\u0438\u0446\u0438\u043d\u0441\u043a\u0438\u0439 \u0443\u043d\u0438\u0432\u0435\u0440\u0441\u0438\u0442\u0435\u0442, \u043e\u043d\u043a\u043e\u043b\u043e\u0433\u0438\u044f, \u0441 22.10.2013\u0433. \u043f\u043e 19.02.2013\u0433. , 576 \u0447\u0430\u0441\u043e\u0432, \u041f\u041f- I \u2116396238, \u0440\u0435\u0433.\u211613290 \u0432\u044b\u0434\u0430\u043d\u043e 19.02.2013\u0433., \u0433. \u041a\u0440\u0430\u0441\u043d\u043e\u0434\u0430\u0440.\r\n\u041f\u0435\u0440\u0438\u043e\u0434\u0438\u0447\u0435\u0441\u043a\u0430\u044f \u0430\u043a\u043a\u0440\u0435\u0434\u0438\u0442\u0430\u0446\u0438\u044f, \u043e\u043d\u043a\u043e\u043b\u043e\u0433\u0438\u044f, 31.01.2023\u0433. \u0424\u0413\u0411\u041e\u0423 \u0414\u041f\u041e \u0420\u041c\u0410\u041d\u041f\u041e \u041c\u0417 \u0420\u043e\u0441\u0441\u0438\u0438", "experience": "", "seat": 1, "academic": null, "speciality": null, "department": 1, "biography": null, "image": "", "avg_rating": "0E-100", "persona_code": 9, "published": true}}, {"model": "personnels.persona", "pk": 2, "fields": {"first_name": "\u0418\u0437\u0440\u0430\u0438\u043b", "last_name": "\u0414\u0436\u0430\u0431\u0440\u0430\u0438\u043b\u043e\u0432", "patronymic_name": "\u0420\u0438\u0437\u0432\u0430\u043d\u043e\u0432\u0438\u0447", "created_at": "2023-04-24T22:09:12.728Z", "updated_at": "2023-06-03T20:24:48.062Z", "education": "\u0413\u0411\u041e\u0423 \u0412\u041f\u041e \u00ab\u0412\u043e\u043b\u0433\u043e\u0433\u0440\u0430\u0434\u0441\u043a\u0438\u0439 \u0433\u043e\u0441\u0443\u0434\u0430\u0440\u0441\u0442\u0432\u0435\u043d\u043d\u044b\u0439 \u043c\u0435\u0434\u0438\u0446\u0438\u043d\u0441\u043a\u0438\u0439 \u0443\u043d\u0438\u0432\u0435\u0440\u0441\u0438\u0442\u0435\u0442\u00bb, 2015\u0433. 103404 \u21160000381.\r\n\u0418\u043d\u0442\u0435\u0440\u043d\u0430\u0442\u0443\u0440\u0430, \u0427\u0435\u0447\u0435\u043d\u0441\u043a\u0438\u0439 \u0433\u043e\u0441\u0443\u0434\u0430\u0440\u0441\u0442\u0432\u0435\u043d\u043d\u044b\u0439 \u0443\u043d\u0438\u0432\u0435\u0440\u0441\u0438\u0442\u0435\u0442, \u0445\u0438\u0440\u0443\u0440\u0433\u0438\u044f, \u0434\u0438\u043f\u043b\u043e\u043c \u2116012018046058, \u0440\u0435\u0433. \u21160033, \u0432\u044b\u0434\u0430\u043d 09.07.2016\u0433., \u0433. \u0413\u0440\u043e\u0437\u043d\u044b\u0439.\r\n\u041e\u0434\u0438\u043d\u0430\u0442\u0443\u0440\u0430, \u0424\u0413\u0411\u0423 \u00ab\u0413\u043e\u0441\u0443\u0434\u0430\u0440\u0441\u0442\u0432\u0435\u043d\u043d\u044b\u0439 \u043d\u0430\u0443\u0447\u043d\u044b\u0439 \u0446\u0435\u043d\u0442\u0440 \u0420\u0424 \u2013 \u0424\u0435\u0434\u0435\u0440\u0430\u043b\u044c\u043d\u044b\u0439 \u043c\u0435\u0434\u0438\u0446\u0438\u043d\u0441\u043a\u0438\u0439 \u0431\u0438\u043e\u0444\u0438\u0437\u0438\u0447\u0435\u0441\u043a\u0438\u0439 \u0446\u0435\u043d\u0442\u0440 \u0438\u043c. \u0410.\u0418. \u0411\u0443\u0440\u043d\u0430\u0437\u044f\u043d\u0430,  \u043e\u043d\u043a\u043e\u043b\u043e\u0433\u0438\u044f, \u0434\u0438\u043f\u043b\u043e\u043c 107718\u2116231858, \u0440\u0435\u0433. \u211684/18, \u0432\u044b\u0434\u0430\u043d 31.08.2018\u0433. \u0433. \u041c\u043e\u0441\u043a\u0432\u0430", "qualification": "\u0424\u0413\u0411\u0423 \u00ab\u0413\u043e\u0441\u0443\u0434\u0430\u0440\u0441\u0442\u0432\u0435\u043d\u043d\u044b\u0439 \u043d\u0430\u0443\u0447\u043d\u044b\u0439 \u0446\u0435\u043d\u0442\u0440 \u0420\u0424 \u2013 \u0424\u0435\u0434\u0435\u0440\u0430\u043b\u044c\u043d\u044b\u0439 \u043c\u0435\u0434\u0438\u0446\u0438\u043d\u0441\u043a\u0438\u0439 \u0431\u0438\u043e\u0444\u0438\u0437\u0438\u0447\u0435\u0441\u043a\u0438\u0439 \u0446\u0435\u043d\u0442 \u0438\u043c. \u0410.\u0418. \u0411\u0443\u0440\u043d\u0430\u0437\u044f\u043d\u0430,  \u043e\u043d\u043a\u043e\u043b\u043e\u0433\u0438\u044f, 20.07.2018\u0433., \u21160377180815660, \u0440\u0435\u0433. \u21161084/18 \u0432\u044b\u0434\u0430\u043d 31.08.2018\u0433.", "experience": "", "seat": 1, "academic": null, "speciality": null, "department": 1, "biography": null, "image": "", "avg_rating": "0E-100", "persona_code": 2, "published": true}}, {"model": "personnels.persona", "pk": 3, "fields": {"first_name": "\u041a\u043e\u043a\u0430", "last_name": "\u0417\u0430\u0439\u043f\u0443\u043b\u0430\u0435\u0432\u0430", "patronymic_name": "\u0410\u0431\u0443\u0435\u0432\u043d\u0430", "created_at": "2023-04-24T22:09:57.591Z", "updated_at": "2023-06-08T11:48:12.923Z", "education": "\u0421\u0435\u0432\u0435\u0440\u043e-\u041e\u0441\u0435\u0442\u0438\u043d\u0441\u043a\u0438\u0439 \u0433\u043e\u0441. \u043c\u0435\u0434. \u0438\u043d\u0441\u0442\u0438\u0442\u0443\u0442, 1991\u0433. \u042d\u0412 \u2116585231.\r\n\u0418\u043d\u0442\u0435\u0440\u043d\u0430\u0442\u0443\u0440\u0430, \u0411\u043e\u043b\u044c\u043d\u0438\u0446\u0430 \u0441\u043a\u043e\u0440\u043e\u0439 \u043c\u0435\u0434. \u043f\u043e\u043c\u043e\u0449\u0438, \u0445\u0438\u0440\u0443\u0440\u0433\u0438\u044f, \u0441 01.08.1991\u0433. \u043f\u043e 29.07.1992\u0433., \u0443\u0434\u043e\u0441\u0442\u043e\u0432. \u21165(\u0434\u0443\u0431\u043b\u0438\u043a\u0430\u0442), \u0432\u044b\u0434\u0430\u043d\u043e 21.04.15\u0433.\r\n\u041f\u0435\u0440\u0432\u0438\u0447\u043d\u0430\u044f \u0441\u043f\u0435\u0446\u0438\u0430\u043b\u0438\u0437\u0430\u0446\u0438\u044f, \u0421\u0435\u0432\u0435\u0440\u043e-\u041e\u0441\u0435\u0442\u0438\u043d\u0441\u043a\u0430\u044f \u0413\u041c\u0410, \u043e\u043d\u043a\u043e\u043b\u043e\u0433\u0438\u044f,  \u0441 14.09.15\u0433. \u043f\u043e 13.11.15\u0433., 288\u0447\u0430\u0441\u043e\u0432. \u2116152402960561, \u0432\u044b\u0434\u0430\u043d\u043e 16.11.2015\u0433. \u0440\u0435\u0433. \u21161140 \u0433. \u0412\u043b\u0430\u0434\u0438\u043a\u0430\u0432\u043a\u0430\u0437.", "qualification": "\u041e\u041e\u041e \u00ab\u0426\u0435\u043d\u0442\u0440 \u041f\u0440\u043e\u0444\u0435\u0441\u0441\u0438\u043e\u043d\u0430\u043b\u044c\u043d\u043e\u0433\u043e \u041e\u0431\u0440\u0430\u0437\u043e\u0432\u0430\u043d\u0438\u044f, \u043e\u043d\u043a\u043e\u043b\u043e\u0433\u0438\u044f, 07.04.2020\u0433. \u21161126242298833 \u0440\u0435\u0433.\u21162665 \u0432\u044b\u0434\u0430\u043d 08.04.2020\u0433. \u0433. \u0421\u0442\u0430\u0432\u0440\u043e\u043f\u043e\u043b\u044c.", "experience": "", "seat": 1, "academic": null, "speciality": null, "department": 1, "biography": null, "image": "", "avg_rating": "0E-100", "persona_code": 7, "published": true}}, {"model": "personnels.persona", "pk": 4, "fields": {"first_name": "\u0417\u0430\u0443\u0440\u0431\u0435\u043a", "last_name": "\u0418\u0441\u043c\u0430\u0438\u043b\u043e\u0432", "patronymic_name": "\u0410\u0431\u0443\u0440\u0430\u043d\u043e\u0432\u0438\u0447", "created_at": "2023-04-24T22:10:39.441Z", "updated_at": "2023-06-07T10:41:19.307Z", "education": "\u0427\u0435\u0447\u0435\u043d\u0441\u043a\u0438\u0439 \u0433\u043e\u0441\u0443\u0434\u0430\u0440\u0441\u0442\u0432\u0435\u043d\u043d\u044b\u0439 \u0443\u043d\u0438\u0432\u0435\u0440\u0441\u0438\u0442\u0435\u0442, 2010\u0433. \u0412\u0421\u0413 \u21165405932.\r\n\u0418\u043d\u0442\u0435\u0440\u043d\u0430\u0442\u0443\u0440\u0430, \u0413\u0423 \u00ab\u0420\u0435\u0441\u043f\u0443\u0431\u043b\u0438\u043a\u0430\u043d\u0441\u043a\u0438\u0439 \u043e\u043d\u043a\u043e\u043b\u043e\u0433\u0438\u0447\u0435\u0441\u043a\u0438\u0439 \u0434\u0438\u0441\u043f\u0430\u043d\u0441\u0435\u0440,  \u043e\u043d\u043a\u043e\u043b\u043e\u0433\u0438\u044f, \u0441 02.08.10\u0433. \u043f\u043e 30.06.11\u0433.,\u0443\u0434\u043e\u0441\u0442\u043e\u0432. \u2116205 \u043e\u0442 30.06.11\u0433.   \r\n\u0414\u0438\u043f\u043b\u043e\u043c \u043f\u043e \u043f\u0440\u043e\u0444\u0435\u0441\u0441\u0438\u043e\u043d\u0430\u043b\u044c\u043d\u043e\u0439 \u043f\u0435\u0440\u0435\u043f\u043e\u0434\u0433\u043e\u0442\u043e\u0432\u043a\u0435, \u0410\u041d\u041e \u0414\u041f\u041e \u00ab\u0413\u0443\u043c\u0430\u043d\u0438\u0442\u0430\u0440\u043d\u043e-\u0442\u0435\u0445\u043d\u0438\u0447\u0435\u0441\u043a\u0438\u0439 \u0438\u043d\u0441\u0442\u0438\u0442\u0443\u0442\u00bb, \u043e\u0440\u0433\u0430\u043d\u0438\u0437\u0430\u0446\u0438\u044f \u0437\u0434\u0440\u0430\u0432\u043e\u043e\u0445\u0440\u0430\u043d\u0435\u043d\u0438\u044f \u0438 \u043e\u0431\u0449\u0435\u0441\u0442\u0432\u0435\u043d\u043d\u043e\u0435 \u0437\u0434\u043e\u0440\u043e\u0432\u044c\u0435, \u0441 12.09.2019\u0433. \u043f\u043e 17.12.2019\u0433., 576 \u0447\u0430\u0441\u043e\u0432, \u2116003839, \u0440\u0435\u0433. \u2116\u041c 1912/17 - 033, \u0432\u044b\u0434\u0430\u043d 17.02.2019\u0433. \u0433. \u041c\u043e\u0441\u043a\u0432\u0430", "qualification": "\u041f\u0435\u0440\u0438\u043e\u0434\u0438\u0447\u0435\u0441\u043a\u0430\u044f \u0430\u043a\u043a\u0440\u0435\u0434\u0438\u0442\u0430\u0446\u0438\u044f, 30.08.2022\u0433, \u0424\u0413\u0411\u041e\u0423 \u0414\u041f\u041e \u0420\u041c\u0410\u041d\u041f\u041e \u041c\u0417 \u0420\u0424, \u041e\u043d\u043a\u043e\u043b\u043e\u0433\u0438\u044f.", "experience": "", "seat": 1, "academic": null, "speciality": null, "department": 1, "biography": null, "image": "", "avg_rating": "0E-100", "persona_code": 1, "published": true}}, {"model": "personnels.persona", "pk": 5, "fields": {"first_name": "\u0410\u0445\u043c\u0435\u0434", "last_name": "\u0421\u043e\u043b\u0442\u0430\u043c\u0443\u0440\u0430\u0434\u043e\u0432", "patronymic_name": "\u0413\u0435\u043b\u0430\u043d\u0438\u0435\u0432\u0438\u0447", "created_at": "2023-04-24T22:11:45.610Z", "updated_at": "2023-06-08T12:19:09.917Z", "education": "\u0427\u0413\u0423, \u041a\u0417 \u211673366, 2011\u0433.\r\n\u041e\u0440\u0434\u0438\u043d\u0430\u0442\u0443\u0440\u0430, \u0410\u0441\u0442\u0440\u0430\u0445\u0430\u043d\u0441\u043a\u0438\u0439 \u0413\u041c\u0423, \u043e\u043d\u043a\u043e\u043b\u043e\u0433\u0438\u044f, \u0441 01.09.2013 \u043f\u043e 31.07.2015\u0433., 103024 \u2116002657, \u0432\u044b\u0434\u0430\u043d 31.08.2015\u0433., \u0440\u0435\u0433. \u2116058-15.", "qualification": "\u041e\u041e\u041e \u00ab\u0426\u0435\u043d\u0442\u0440 \u041f\u0440\u043e\u0444\u0435\u0441\u0441\u0438\u043e\u043d\u0430\u043b\u044c\u043d\u043e\u0433\u043e \u041e\u0431\u0440\u0430\u0437\u043e\u0432\u0430\u043d\u0438\u044f\u00bb, \u043e\u043d\u043a\u043e\u043b\u043e\u0433\u0438\u044f, 07.04.2020\u0433., \u21161126242371975 \u0440\u0435\u0433.\u21162812 \u0432\u044b\u0434\u0430\u043d 08.04.2020\u0433. \u0433. \u0421\u0442\u0430\u0432\u0440\u043e\u043f\u043e\u043b\u044c.", "experience": "", "seat": 1, "academic": null, "speciality": null, "department": 1, "biography": null, "image": "", "avg_rating": "0E-100", "persona_code": 3, "published": true}}, {"model": "personnels.persona", "pk": 6, "fields": {"first_name": "\u0425\u0438\u0437\u0438\u0440", "last_name": "\u0421\u043e\u043b\u0442\u0430\u043c\u0443\u0440\u0430\u0434\u043e\u0432", "patronymic_name": "\u041c\u0430\u0433\u043e\u043c\u0435\u0434\u043e\u0432\u0438\u0447", "created_at": "2023-04-24T22:12:27.249Z", "updated_at": "2023-06-08T18:14:29.818Z", "education": "\u0427\u0435\u0447\u0435\u043d\u0441\u043a\u0438\u0439 \u0433\u043e\u0441\u0443\u0434\u0430\u0440\u0441\u0442\u0432\u0435\u043d\u043d\u044b\u0439 \u0443\u043d\u0438\u0432\u0435\u0440\u0441\u0438\u0442\u0435\u0442, 2013\u0433. \u041a\u0424 \u211682696.\r\n\u0418\u043d\u0442\u0435\u0440\u043d\u0430\u0442\u0443\u0440\u0430, \u0410\u0441\u0442\u0440\u0430\u0445\u0430\u043d\u0441\u043a\u0430\u044f \u0413\u041c\u0410, \u043e\u043d\u043a\u043e\u043b\u043e\u0433\u0438\u044f, \u04210109.13\u0433. \u043f\u043e 31.08.14\u0433., \u0434\u0438\u043f\u043b\u043e\u043c \u2116013024022732 \u0440\u0435\u0433. \u2116121-14 \u0433. \u0410\u0441\u0442\u0440\u0430\u0445\u0430\u043d\u044c, \u0432\u044b\u0434\u0430\u043d 31.08.2014\u0433.", "qualification": "\u041e\u041e\u041e \u00ab\u0426\u0435\u043d\u0442\u0440 \u041f\u0440\u043e\u0444\u0435\u0441\u0441\u0438\u043e\u043d\u0430\u043b\u044c\u043d\u043e\u0433\u043e \u041e\u0431\u0440\u0430\u0437\u043e\u0432\u0430\u043d\u0438\u044f\u00bb, \u043e\u043d\u043a\u043e\u043b\u043e\u0433\u0438\u044f, 15.06.2019\u0433. \u21161126241844839, \u0440\u0435\u0433.\u21161214 \u0432\u044b\u0434\u0430\u043d 17.06.2019\u0433. \u0433. \u0421\u0442\u0430\u0432\u0440\u043e\u043f\u043e\u043b\u044c", "experience": "", "seat": 1, "academic": null, "speciality": null, "department": 1, "biography": null, "image": "", "avg_rating": "0E-100", "persona_code": 6, "published": true}}, {"model": "personnels.persona", "pk": 7, "fields": {"first_name": "\u0420\u0430\u0437\u0438\u0442\u0430", "last_name": "\u0422\u0430\u0439\u0441\u0443\u043c\u043e\u0432\u0430", "patronymic_name": "\u0418\u0441\u0430\u0435\u0432\u043d\u0430", "created_at": "2023-04-24T22:13:04.146Z", "updated_at": "2023-06-08T13:43:17.682Z", "education": "\u0413\u041e\u0423 \u0412\u041f\u041e \u0420\u043e\u0441\u0442\u043e\u0432\u0441\u043a\u0438\u0439 \u0433\u043e\u0441. \u043c\u0435\u0434. \u0443\u043d\u0438\u0432\u0435\u0440\u0441\u0438\u0442\u0435\u0442, 2009\u0433.  \u0412\u0421\u0413 \u21162614011\u0413\u041e\u0423 \u0412\u041f\u041e \u0420\u043e\u0441\u0442\u043e\u0432\u0441\u043a\u0438\u0439 \u0433\u043e\u0441. \u043c\u0435\u0434. \u0443\u043d\u0438\u0432\u0435\u0440\u0441\u0438\u0442\u0435\u0442, 2009\u0433.  \u0412\u0421\u0413 \u21162614011.\r\n\u041e\u0440\u0434\u0438\u043d\u0430\u0442\u0443\u0440\u0430, \u0420\u043e\u0441\u0442\u043e\u0432. \u0433\u043e\u0441. \u043c\u0435\u0434. \u0443\u043d\u0438\u0432\u0435\u0440\u0441\u0438\u0442\u0435\u0442, \u043e\u043d\u043a\u043e\u043b\u043e\u0433\u0438\u044f, \u0421 01.09.09\u0433. \u043f\u043e 31.08.2011\u0433., \u0443\u0434\u043e\u0441\u0442\u043e\u0432\u0435\u0440\u0435\u043d\u0438\u0435   \u0440\u0435\u0433.\u211645 \u0433. \u0420\u043e\u0441\u0442\u043e\u0432.", "qualification": "\u041e\u041e\u041e \"\u0426\u0435\u043d\u0442\u0440-\u0421\", \u043e\u043d\u043a\u043e\u043b\u043e\u0433\u0438\u044f, 12.12.2020\u0433. \u2116262413072317,  \u0440\u0435\u0433. \u21165374, \u0433. \u0421\u0442\u0430\u0432\u0440\u043e\u043f\u043e\u043b\u044c.", "experience": "", "seat": 1, "academic": null, "speciality": null, "department": 1, "biography": null, "image": "", "avg_rating": "0E-100", "persona_code": 5, "published": true}}, {"model": "personnels.persona", "pk": 8, "fields": {"first_name": "\u041c\u0430\u0434\u0438\u043d\u0430", "last_name": "\u0423\u0441\u043c\u0430\u043d\u043e\u0432\u0430", "patronymic_name": "\u0421\u0430\u043b\u0430\u0445\u043e\u0432\u043d\u0430", "created_at": "2023-04-24T22:13:41.126Z", "updated_at": "2023-06-08T07:58:48.602Z", "education": "\u0410\u0441\u0442\u0440\u0430\u0445\u0430\u043d\u0441\u043a\u0430\u044f \u0413\u041c\u0410, 2012\u0433. \u041a\u0410 \u211649642.\r\n\u041e\u0440\u0434\u0438\u043d\u0430\u0442\u0443\u0440\u0430, \u0410\u0441\u0442\u0440\u0430\u0445\u0430\u043d\u0441\u043a\u0430\u044f \u0413\u041c\u0410, \u043e\u043d\u043a\u043e\u043b\u043e\u0433\u0438\u044f, \u0441 01.09.12\u0433. \u043f\u043e 31.08.14\u0433., \u0434\u0438\u043f\u043b\u043e\u043c \u2116103024 000796, \u0440\u0435\u0433. \u2116054-14, 31.08.14\u0433., \u0433. \u0410\u0441\u0442\u0440\u0430\u0445\u0430\u043d\u044c.", "qualification": "\u0410\u041d\u041e \u0414\u041f\u041e \u00ab\u041c\u0435\u0436\u0434\u0443\u043d\u0430\u0440\u043e\u0434\u043d\u044b\u0439 \u0438\u043d\u0441\u0442\u0438\u0442\u0443\u0442 \u0441\u043e\u0432\u0440\u0435\u043c\u0435\u043d\u043d\u043e\u0433\u043e \u043e\u0431\u0440\u0430\u0437\u043e\u0432\u0430\u043d\u0438\u044f\u00bb, \u043e\u043d\u043a\u043e\u043b\u043e\u0433\u0438\u044f, 06.07.2019\u0433., 1126242016628, \u0440\u0435\u0433. \u0423 002221 - 19, \u0432\u044b\u0434\u0430\u043d 01.07.2019\u0433. \u0433. \u0415\u0441\u0441\u0435\u043d\u0442\u0443\u043a\u0438.", "experience": "", "seat": 1, "academic": null, "speciality": null, "department": 1, "biography": null, "image": "", "avg_rating": "0E-100", "persona_code": 10, "published": true}}, {"model": "personnels.persona", "pk": 9, "fields": {"first_name": "\u041a\u0430\u043c\u0435\u0442\u0430", "last_name": "\u0425\u0430\u0434\u0438\u0441\u043e\u0432\u0430", "patronymic_name": "\u0421\u0430\u0439\u0434\u0430\u043c\u0438\u043d\u043e\u0432\u043d\u0430", "created_at": "2023-04-24T22:14:27.866Z", "updated_at": "2023-06-07T14:20:46.720Z", "education": "\u0410\u0441\u0442\u0440\u0430\u0445\u0430\u043d\u0441\u043a\u0438\u0439 \u0413\u041c\u0418, 1975\u0433. \u042d\u0412 \u2116437915.\r\n\u041f\u0435\u0440\u0432\u0438\u0447\u043d\u0430\u044f \u0441\u043f\u0435\u0446\u0438\u0430\u043b\u0438\u0437\u0430\u0446\u0438\u044f, \u0420\u041d\u0418\u041e\u0418 \u2013 \u043e\u043d\u043a\u043e\u043b\u043e\u0433\u0438\u044f, \u0421 01.07.07\u0433. \u043f\u043e 31.10.07\u0433. \u0433. \u0420\u043e\u0441\u0442\u043e\u0432, \u0443\u0434\u043e\u0441\u0442\u043e\u0432\u0435\u0440\u0435\u043d\u0438\u0435 \u0431/\u043d.", "qualification": "\u0410\u041d\u041e \u0414\u041f\u041e \u00ab\u0413\u0443\u043c\u0430\u043d\u0438\u0442\u0430\u0440\u043d\u043e-\u0442\u0435\u0445\u043d\u0438\u0447\u0435\u0441\u043a\u0438\u0439 \u0438\u043d\u0441\u0442\u0438\u0442\u0443\u0442\u00bb, \u00ab\u041e\u043d\u043a\u043e\u043b\u043e\u0433\u0438\u044f\u00bb, 23.11.2020\u0433., \u21161177181102237, \u0440\u0435\u0433. \u2116C2311-065, \u0432\u044b\u0434\u0430\u043d 23.11.2020\u0433.", "experience": "", "seat": 1, "academic": null, "speciality": null, "department": 1, "biography": null, "image": "", "avg_rating": "0E-100", "persona_code": 11, "published": true}}, {"model": "personnels.persona", "pk": 10, "fields": {"first_name": "\u041c\u0430\u043a\u043a\u0430", "last_name": "\u0425\u0430\u0434\u0438\u0441\u043e\u0432\u0430", "patronymic_name": "\u041c\u0430\u0445\u043c\u0443\u0442\u043e\u0432\u043d\u0430", "created_at": "2023-04-24T22:15:17.181Z", "updated_at": "2023-06-07T01:57:41.661Z", "education": "\u0420\u043e\u0441\u0442\u043e\u0432\u0441\u043a\u0438\u0439 \u0433\u043e\u0441. \u043c\u0435\u0434. \u0443\u043d\u0438\u0432\u0435\u0440\u0441\u0438\u0442\u0435\u0442, 2011\u0433. \u041a\u0410 \u211621301.\r\n\u0418\u043d\u0442\u0435\u0440\u043d\u0430\u0442\u0443\u0440\u0430, \u0420\u043e\u0441\u0442\u043e\u0432. \u0413\u043e\u0441. \u043c\u0435\u0434. \u0443\u043d\u0438\u0432\u0435\u0440\u0441\u0438\u0442\u0435\u0442, \u0445\u0438\u0440\u0443\u0440\u0433\u0438\u044f, \u0421 01.09.11\u0433. \u043f\u043e 31.07.12\u0433.,\u0423\u0434\u043e\u0441\u0442\u043e\u0432. \u043a \u0434\u0438\u043f\u043b\u043e\u043c\u0443, \u041a\u0410 \u211621301 \u043e\u0442 31.07.12\u0433.\r\n\u041e\u0440\u0434\u0438\u043d\u0430\u0442\u0443\u0440\u0430, \u0420\u043e\u0441\u0442\u043e\u0432\u0441\u043a\u0438\u0439 \u0433\u043e\u0441. \u043c\u0435\u0434. \u0443\u043d\u0438\u0432\u0435\u0440\u0441\u0438\u0442\u0435\u0442, \u043e\u043d\u043a\u043e\u043b\u043e\u0433\u0438\u044f, \u0441 01.09.12\u0433. \u043f\u043e 23.07.14\u0433., \u0434\u0438\u043f\u043b\u043e\u043c \u2116016104  000204, \u0440\u0435\u0433.\u2116155/14, \u0432\u044b\u0434\u0430\u043d 01.09.14\u0433., \u0433. \u0420\u043e\u0441\u0442\u043e\u0432.", "qualification": "\u0410\u041d\u041e \u0414\u041f\u041e \u00ab\u041c\u0435\u0436\u0434\u0443\u043d\u0430\u0440\u043e\u0434\u043d\u044b\u0439 \u0438\u043d\u0441\u0442\u0438\u0442\u0443\u0442 \u0441\u043e\u0432\u0440\u0435\u043c\u0435\u043d\u043d\u043e\u0433\u043e \u043e\u0431\u0440\u0430\u0437\u043e\u0432\u0430\u043d\u0438\u044f\u00bb, \u043e\u043d\u043a\u043e\u043b\u043e\u0433\u0438\u044f, 06.07.2019\u0433., \u21161126242016667, \u0440\u0435\u0433. \u0423 002293 - 19, \u0432\u044b\u0434\u0430\u043d 08.07.2019\u0433. \u0433. \u0415\u0441\u0441\u0435\u043d\u0442\u0443\u043a\u0438.", "experience": "", "seat": 1, "academic": null, "speciality": null, "department": 1, "biography": null, "image": "", "avg_rating": "0E-100", "persona_code": null, "published": false}}, {"model": "personnels.persona", "pk": 11, "fields": {"first_name": "\u041c\u0430\u0434\u0438\u043d\u0430", "last_name": "\u0422\u0430\u0442\u0430\u0435\u0432\u0430", "patronymic_name": "\u0428\u0430\u0440\u0430\u043c\u043e\u0432\u043d\u0430", "created_at": "2023-05-11T07:23:37.444Z", "updated_at": "2023-06-06T12:55:42.758Z", "education": "\u0421\u0430\u043d\u043a\u0442-\u041f\u0435\u0442\u0435\u0440\u0431\u0443\u0440\u0433\u0441\u043a\u0438\u0439 \u0413\u041c\u0423 \u0438\u043c. \u0418.\u041f. \u041f\u0430\u0432\u043b\u043e\u0432\u0430, 2011\u0433. \u041a\u0411 \u211694043.\r\n\u0418\u043d\u0442\u0435\u0440\u043d\u0430\u0442\u0443\u0440\u0430, \u0421\u0430\u043d\u043a\u0442-\u041f\u0435\u0442\u0435\u0440\u0431. \u0413\u041c\u0423 \u0438\u043c. \u0418.\u041f. \u041f\u0430\u0432\u043b\u043e\u0432\u0430, \u0430\u043a\u0443\u0448\u0435\u0440\u0441\u0442\u0432\u043e \u0438 \u0433\u0438\u043d\u0435\u043a\u043e\u043b\u043e\u0433\u0438\u044f,\u0441 01.08.11\u0433. \u043f\u043e 31.07.2012\u0433. \u0423\u0434\u043e\u0441\u0442\u043e\u0432. \u21161473 \u043e\u0442 31.07.12\u0433.,\u0420\u0435\u0433.\u2116473\r\n\u0414\u0438\u043f\u043b\u043e\u043c \u043e \u043f\u0440\u043e\u0444. \u043f\u0435\u0440\u0435\u043f\u043e\u0434\u0433\u043e\u0442\u043e\u0432\u043a\u0435, \u0420\u043e\u0441\u0441\u0438\u0439\u0441\u043a\u0438\u0439 \u043d\u0430\u0446. \u043c\u0435\u0434. \u0443\u043d\u0438\u0432\u0435\u0440\u0441\u0438\u0442\u0435\u0442 \u0438\u043c. \u041d.\u0418. \u041f\u0438\u0440\u043e\u0433\u043e\u0432\u0430, \u043e\u043d\u043a\u043e\u043b\u043e\u0433\u0438\u044f, \u0441 08.09.14\u0433. \u043f\u043e 26.12.14\u0433., 576\u0447. \u2116772402008372, \u0432\u044b\u0434\u0430\u043d 26.12.14\u0433. \u0440\u0435\u0433. \u21160489, \u0433. \u041c\u043e\u0441\u043a\u0432\u0430", "qualification": "\u0410\u041d\u041e \u0414\u041f\u041e \u00ab\u041c\u0435\u0436\u0434\u0443\u043d\u0430\u0440\u043e\u0434\u043d\u044b\u0439 \u0438\u043d\u0441\u0442\u0438\u0442\u0443\u0442 \u0441\u043e\u0432\u0440\u0435\u043c\u0435\u043d\u043d\u043e\u0433\u043e \u043e\u0431\u0440\u0430\u0437\u043e\u0432\u0430\u043d\u0438\u044f\u00bb, \u043e\u043d\u043a\u043e\u043b\u043e\u0433\u0438\u044f, 28.09.2019\u0433. \u21161126242054569, \u0440\u0435\u0433. \u2116\u0423-002743-19, \u0432\u044b\u0434\u0430\u043d 30.09.2019\u0433., \u0433. \u0415\u0441\u0441\u0435\u043d\u0442\u0443\u043a\u0438", "experience": "", "seat": 1, "academic": null, "speciality": null, "department": 1, "biography": null, "image": "", "avg_rating": "0E-100", "persona_code": 0, "published": true}}, {"model": "personnels.persona", "pk": 12, "fields": {"first_name": "\u0418\u0441\u043b\u0430\u043c", "last_name": "\u0414\u043e\u043a\u0430\u0435\u0432", "patronymic_name": "\u041b\u043e\u043c\u0435\u043b\u0438\u0435\u0432\u0438\u0447", "created_at": "2023-05-11T08:29:53.218Z", "updated_at": "2023-06-06T12:55:39.764Z", "education": "\u0421\u0435\u0432\u0435\u0440\u043e-\u041e\u0441\u0435\u0442\u0438\u043d\u0441\u043a\u0430\u044f \u0433\u043e\u0441\u0443\u0434\u0430\u0440\u0441\u0442\u0432\u0435\u043d\u043d\u0430\u044f \u043c\u0435\u0434\u0438\u0446\u0438\u043d\u0441\u043a\u0430\u044f \u0430\u043a\u0430\u0434\u0435\u043c\u0438\u044f \u0424\u0435\u0434\u0435\u0440\u0430\u043b\u044c\u043d\u043e\u0433\u043e \u0430\u0433\u0435\u043d\u0441\u0442\u0432\u0430 \u0437\u0434\u0440\u0430\u0432\u043e\u043e\u0445\u0440\u0430\u043d\u0435\u043d\u0438\u044f \u0438 \u0441\u043e\u0446\u0438\u0430\u043b\u044c\u043d\u043e\u0433\u043e \u0440\u0430\u0437\u0432\u0438\u0442\u0438\u044f \u0433. \u0412\u043b\u0430\u0434\u0438\u043a\u0430\u0432\u043a\u0430\u0437, 20.06.2020\u0433., 101505 \u21160591696, \u0432\u044b\u0434\u0430\u043d 07.07.2020\u0433.\r\n\u041e\u0440\u0434\u0438\u043d\u0430\u0442\u0443\u0440\u0430, \u0424\u0413\u0411\u041e\u0423 \"\u0421\u0435\u0432\u0435\u0440\u043e-\u041e\u0441\u0435\u0442\u0438\u043d\u0441\u043a\u0430\u044f \u0433\u043e\u0441\u0443\u0434\u0430\u0440\u0441\u0442\u0432\u0435\u043d\u043d\u0430\u044f \u043c\u0435\u0434\u0438\u0446\u0438\u043d\u0441\u043a\u0430\u044f \u0430\u043a\u0430\u0434\u0435\u043c\u0438\u044f \u0424\u0435\u0434\u0435\u0440\u0430\u043b\u044c\u043d\u043e\u0433\u043e \u0430\u0433\u0435\u043d\u0442\u0441\u0442\u0432\u0430 \u0437\u0434\u0440\u0430\u0432\u043e\u043e\u0445\u0440\u0430\u043d\u0435\u043d\u0438\u044f \u0438 \u0441\u043e\u0446\u0438\u0430\u043b\u044c\u043d\u043e\u0433\u043e \u0440\u0430\u0437\u0432\u0438\u0442\u0438\u044f \u0433. \u0412\u043b\u0430\u0434\u0438\u043a\u0430\u0432\u043a\u0430\u0437\", \u043e\u043d\u043a\u043e\u043b\u043e\u0433\u0438\u044f, \u0441 01.09.2020\u0433. \u043f\u043e 29.06.2022\u0433., \u0434\u0438\u043f\u043b\u043e\u043c 101524 \u2116136626, \u0440\u0435\u0433. \u211678, \u0432\u044b\u0434\u0430\u043d 04.07.2022\u0433. \u0413. \u0412\u043b\u0430\u0434\u0438\u043a\u0430\u0432\u043a\u0430\u0437", "qualification": "\u041f\u0435\u0440\u0432\u0438\u0447\u043d\u0430\u044f \u0441\u043f\u0435\u0446\u0438\u0430\u043b\u0438\u0437\u0438\u0440\u043e\u0432\u0430\u043d\u043d\u0430\u044f \u0430\u043a\u043a\u0440\u0435\u0434\u0438\u0442\u0430\u0446\u0438\u044f, \u043e\u043d\u043a\u043e\u043b\u043e\u0433\u0438\u044f,  27.07.2022\u0433.", "experience": "", "seat": 1, "academic": null, "speciality": null, "department": 2, "biography": null, "image": "", "avg_rating": "0E-100", "persona_code": 4, "published": true}}, {"model": "personnels.persona", "pk": 13, "fields": {"first_name": "\u0425\u0435\u0434\u0430", "last_name": "\u0411\u0430\u0446\u0430\u0435\u0432\u0430", "patronymic_name": "\u0410\u043b\u044c\u0432\u0438\u0435\u0432\u043d\u0430", "created_at": "2023-05-11T08:31:54.484Z", "updated_at": "2023-06-07T23:48:14.917Z", "education": "\u041a\u0443\u0431\u0430\u043d\u0441\u043a\u0438\u0439 \u0433\u043e\u0441. \u043c\u0435\u0434. \u0443\u043d\u0438\u0432\u0435\u0440\u0441\u0438\u0442\u0435\u0442, 25.06.2014\u0433. , 102305 \u21160191840, \u0432\u044b\u0434\u0430\u043d 26.06.2014\u0433.\r\n\u041e\u0440\u0434\u0438\u043d\u0430\u0442\u0443\u0440\u0430, \u0420\u043e\u0441\u0442\u043e\u0432\u0441\u043a\u0438\u0439 \u0433\u043e\u0441. \u043d\u0430\u0443\u0447\u043d\u043e-\u0438\u0441\u0441\u043b\u0435\u0434\u043e\u0432\u0430\u0442\u0435\u043b\u044c\u0441\u043a\u0438\u0439 \u0438\u043d\u0441\u0442\u0438\u0442\u0443\u0442, \u043e\u043d\u043a\u043e\u043b\u043e\u0433\u0438\u044f,  \u0441 01.09.2014\u0433. \u043f\u043e 15.07.2016\u0433., \u0414\u0438\u043f\u043b\u043e\u043c 106104 \u2116000032, \u0432\u044b\u0434\u0430\u043d 01.09.2016\u0433. , \u0440\u0435\u0433.\u211632, \u0433. \u0420\u043e\u0441\u0442\u043e\u0432-\u043d\u0430-\u0414\u043e\u043d\u0443.\r\n\u0414\u0438\u043f\u043b\u043e\u043c \u043e \u043f\u0440\u043e\u0444. \u043f\u0435\u0440\u0435\u043f\u043e\u0434\u0433\u043e\u0442\u043e\u0432\u043a\u0435, \u0410\u041d\u041e \u00ab\u041d\u0430\u0443\u0447\u043d\u043e-\u0438\u0441\u0441\u043b\u0435\u0434\u043e\u0432\u0430\u0442\u0435\u043b\u044c\u0441\u043a\u0438\u0439 \u0438\u043d\u0441\u0442\u0438\u0442\u0443\u0442 \u0437\u0434\u043e\u0440\u043e\u0432\u044c\u044f\u00bb, \u0440\u0430\u0434\u0438\u043e\u0442\u0435\u0440\u0430\u043f\u0438\u044f, \u0441 01.09.2017\u0433. \u043f\u043e 23.12.2017\u0433. , 576\u0447\u0430\u0441\u043e\u0432, \u2116262402488715 \u0440\u0435\u0433. \u21162792, \u0432\u044b\u0434\u0430\u043d 25.12.17\u0433. , \u0433. \u041a\u0438\u0441\u043b\u043e\u0432\u043e\u0434\u0441\u043a", "qualification": "\u0410\u041d\u041e \u00ab\u0421\u0438\u0431\u0438\u0440\u0441\u043a\u0438\u0439 \u0438\u043d\u0441\u0442\u0438\u0442\u0443\u0442 \u043d\u0435\u043f\u0440\u0435\u0440\u044b\u0432\u043d\u043e\u0433\u043e \u043e\u0431\u0440\u0430\u0437\u043e\u0432\u0430\u043d\u0438\u044f, \u043e\u043d\u043a\u043e\u043b\u043e\u0433\u0438\u044f, 30.12.2020\u0433., \u21161154242765940, \u0440\u0435\u0433. \u2116\u0421\u041d\u041c02074?-73/20, \u0432\u044b\u0434\u0430\u043d 30.12.2020\u0433., \u0433. \u041d\u043e\u0432\u043e\u0441\u0438\u0431\u0438\u0440\u0441\u043a", "experience": "", "seat": 1, "academic": null, "speciality": null, "department": 2, "biography": null, "image": "", "avg_rating": "0E-100", "persona_code": 8, "published": true}}, {"model": "personnels.persona", "pk": 14, "fields": {"first_name": "\u041c\u0430\u0434\u0438\u043d\u0430", "last_name": "\u0422\u0430\u0442\u0430\u0435\u0432\u0430", "patronymic_name": "\u0428\u0430\u0440\u0430\u043c\u043e\u0432\u043d\u0430", "created_at": "2023-05-11T08:33:25.394Z", "updated_at": "2023-06-08T06:47:45.070Z", "education": "\u0421\u0430\u043d\u043a\u0442-\u041f\u0435\u0442\u0435\u0440\u0431\u0443\u0440\u0433\u0441\u043a\u0438\u0439 \u0413\u041c\u0423 \u0438\u043c. \u0418.\u041f. \u041f\u0430\u0432\u043b\u043e\u0432\u0430, 2011\u0433. \u041a\u0411 \u211694043.\r\n\u0418\u043d\u0442\u0435\u0440\u043d\u0430\u0442\u0443\u0440\u0430, \u0421\u0430\u043d\u043a\u0442-\u041f\u0435\u0442\u0435\u0440\u0431. \u0413\u041c\u0423 \u0438\u043c. \u0418.\u041f. \u041f\u0430\u0432\u043b\u043e\u0432\u0430, \u0430\u043a\u0443\u0448\u0435\u0440\u0441\u0442\u0432\u043e \u0438 \u0433\u0438\u043d\u0435\u043a\u043e\u043b\u043e\u0433\u0438\u044f,\u0441 01.08.11\u0433. \u043f\u043e 31.07.2012\u0433. \u0423\u0434\u043e\u0441\u0442\u043e\u0432. \u21161473 \u043e\u0442 31.07.12\u0433.,\u0420\u0435\u0433.\u2116473.\r\n\u0414\u0438\u043f\u043b\u043e\u043c \u043e \u043f\u0440\u043e\u0444. \u043f\u0435\u0440\u0435\u043f\u043e\u0434\u0433\u043e\u0442\u043e\u0432\u043a\u0435, \u0420\u043e\u0441\u0441\u0438\u0439\u0441\u043a\u0438\u0439 \u043d\u0430\u0446. \u043c\u0435\u0434. \u0443\u043d\u0438\u0432\u0435\u0440\u0441\u0438\u0442\u0435\u0442 \u0438\u043c. \u041d.\u0418. \u041f\u0438\u0440\u043e\u0433\u043e\u0432\u0430, \u043e\u043d\u043a\u043e\u043b\u043e\u0433\u0438\u044f, \u0441 08.09.14\u0433. \u043f\u043e 26.12.14\u0433., 576\u0447. \u2116772402008372, \u0432\u044b\u0434\u0430\u043d 26.12.14\u0433. \u0440\u0435\u0433. \u21160489, \u0433. \u041c\u043e\u0441\u043a\u0432\u0430.", "qualification": "\u0410\u041d\u041e \u0414\u041f\u041e \u00ab\u041c\u0435\u0436\u0434\u0443\u043d\u0430\u0440\u043e\u0434\u043d\u044b\u0439 \u0438\u043d\u0441\u0442\u0438\u0442\u0443\u0442 \u0441\u043e\u0432\u0440\u0435\u043c\u0435\u043d\u043d\u043e\u0433\u043e \u043e\u0431\u0440\u0430\u0437\u043e\u0432\u0430\u043d\u0438\u044f\u00bb, \u043e\u043d\u043a\u043e\u043b\u043e\u0433\u0438\u044f, 28.09.2019\u0433. 1126242054569, \u0440\u0435\u0433. \u2116\u0423-002743-19, \u0432\u044b\u0434\u0430\u043d 30.09.2019\u0433., \u0433. \u0415\u0441\u0441\u0435\u043d\u0442\u0443\u043a\u0438.", "experience": "", "seat": 1, "academic": null, "speciality": null, "department": 2, "biography": null, "image": "", "avg_rating": "0E-100", "persona_code": 12, "published": true}}, {"model": "personnels.persona", "pk": 15, "fields": {"first_name": "\u0417\u0430\u043b\u0438\u043d\u0430", "last_name": "\u041a\u0443\u043d\u0442\u0430\u0435\u0432\u0430", "patronymic_name": "\u0410\u0431\u0443\u0435\u0432\u043d\u0430", "created_at": "2023-05-11T08:34:29.748Z", "updated_at": "2023-06-08T11:20:38.806Z", "education": "\u0427\u0435\u0447\u0435\u043d\u0441\u043a\u0438\u0439 \u0433\u043e\u0441\u0443\u0434\u0430\u0440\u0441\u0442\u0432\u0435\u043d\u043d\u044b\u0439 \u0443\u043d\u0438\u0432\u0435\u0440\u0441\u0438\u0442\u0435\u0442, 2014\u0433. 102005 \u21160004826.\r\n\u041e\u0440\u0434\u0438\u043d\u0430\u0442\u0443\u0440\u0430, \u0424\u0413\u0411\u0423 \u00ab\u041d\u0430\u0446\u0438\u043e\u043d\u0430\u043b\u044c\u043d\u044b\u0439 \u043c\u0435\u0434\u0438\u0446\u0438\u043d\u0441\u043a\u0438\u0439 \u0438\u0441\u0441\u043b\u0435\u0434\u043e\u0432\u0430\u0442\u0435\u043b\u044c\u0441\u043a\u0438\u0439 \u0440\u0430\u0434\u0438\u043e\u043b\u043e\u0433\u0438\u0447\u0435\u0441\u043a\u0438\u0439 \u0446\u0435\u043d\u0442\u0440\u00bb, \u041c\u041d\u0418\u041e\u0418 \u0438\u043c. \u041f.\u0410. \u0413\u0435\u0440\u0446\u0435\u043d\u0430)   \u043e\u043d\u043a\u043e\u043b\u043e\u0433\u0438\u044f,  \u0441 01.09.2014\u0433. \u043f\u043e 15.07.2016\u0433. \u0414\u0438\u043f\u043b\u043e\u043c 104024 \u2116015025, \u0432\u044b\u0434\u0430\u043d 31.08.16\u0433., \u0440\u0435\u0433.\u211610/2016 \u0433. \u041e\u0431\u043d\u0438\u043d\u0441\u043a.", "qualification": "\u0410\u041d\u041e \u0414\u041f\u041e \u00ab\u0413\u0443\u043c\u0430\u043d\u0438\u0442\u0430\u0440\u043d\u043e-\u0442\u0435\u0445\u043d\u0438\u0447\u0435\u0441\u043a\u0438\u0439 \u0438\u043d\u0441\u0442\u0438\u0442\u0443\u0442, \u043e\u043d\u043a\u043e\u043b\u043e\u0433\u0438\u044f, 11.12.2020\u0433., \u21161177181071118, \u0440\u0435\u0433.\u21161112-165, \u0433. \u041c\u043e\u0441\u043a\u0432\u0430", "experience": "", "seat": 1, "academic": null, "speciality": null, "department": 2, "biography": null, "image": "", "avg_rating": "5.0000000000000000000000000000000000000000000000000000000000000000000000000000000000000000000000000000", "persona_code": 13, "published": true}}, {"model": "personnels.persona", "pk": 16, "fields": {"first_name": "\u041c\u043e\u0432\u043b\u0435\u0442", "last_name": "\u0422\u0435\u043c\u0438\u0440\u0433\u0435\u0440\u0435\u0435\u0432", "patronymic_name": "\u0417\u0430\u0445\u0438\u0440\u043e\u0432\u0438\u0447", "created_at": "2023-05-14T10:27:18.247Z", "updated_at": "2023-06-07T19:06:57.447Z", "education": "\u041a\u0430\u0437\u0430\u043d\u0441\u043a\u0438\u0439 \u0433\u043e\u0441\u0443\u0434\u0430\u0440\u0441\u0442\u0432\u0435\u043d\u043d\u044b\u0439 \u043c\u0435\u0434\u0438\u0446\u0438\u043d\u0441\u043a\u0438\u0439 \u0443\u043d\u0438\u0432\u0435\u0440\u0441\u0438\u0442\u0435\u0442, 2013\u0433.,\u041e\u041a\u0410 \u211622982.\r\n\u041e\u0440\u0434\u0438\u043d\u0430\u0442\u0443\u0440\u0430, \u0424\u0413\u0411\u0423 \u00ab\u041d\u0430\u0446\u0438\u043e\u043d\u0430\u043b\u044c\u043d\u044b\u0439 \u043c\u0435\u0434\u0438\u0446\u0438\u043d\u0441\u043a\u0438\u0439 \u0438\u0441\u0441\u043b\u0435\u0434\u043e\u0432\u0430\u0442\u0435\u043b\u044c\u0441\u043a\u0438\u0439 \u0446\u0435\u043d\u0442\u0440 \u0440\u0430\u0434\u0438\u043e\u043b\u043e\u0433\u0438\u0438\u00bb (\u041c\u041d\u0418\u041e\u0418 \u0438\u043c. \u0413\u0435\u0440\u0446\u0435\u043d\u0430)., \u043e\u043d\u043a\u043e\u043b\u043e\u0433\u0438\u044f, \u0441 01.09.2016\u0433. \u043f\u043e 25.07.2018\u0433.,\u0434\u0438\u043f\u043b\u043e\u043c 104024\u2116063773, \u0432\u044b\u0434\u0430\u043d 31.08.18\u0433., \u0440\u0435\u0433.\u211624/2018, \u0433. \u041c\u043e\u0441\u043a\u0432\u0430.", "qualification": "\u0424\u0413\u0411\u0423 \u00ab\u041d\u0430\u0446\u0438\u043e\u043d\u0430\u043b\u044c\u043d\u044b\u0439 \u043c\u0435\u0434\u0438\u0446\u0438\u043d\u0441\u043a\u0438\u0439 \u0438\u0441\u0441\u043b\u0435\u0434\u043e\u0432\u0430\u0442\u0435\u043b\u044c\u0441\u043a\u0438\u0439 \u0446\u0435\u043d\u0442\u0440 \u0440\u0430\u0434\u0438\u043e\u043b\u043e\u0433\u0438\u0438\u00bb, \u043e\u043d\u043a\u043e\u043b\u043e\u0433\u0438\u044f, \u21160277240267920, 25.07.2018\u0433. \u0420\u0435\u0433.\u21162018/28, \u0432\u044b\u0434\u0430\u043d 25.07.2018\u0433., \u0433. \u041c\u043e\u0441\u043a\u0432\u0430.", "experience": "", "seat": 1, "academic": null, "speciality": null, "department": 1, "biography": null, "image": "", "avg_rating": "0E-100", "persona_code": null, "published": true}}, {"model": "personnels.persona", "pk": 17, "fields": {"first_name": "\u0423\u043c\u0430\u043b\u0430\u0442", "last_name": "\u0422\u0430\u0440\u0430\u043c\u043e\u0432", "patronymic_name": "\u0423\u0432\u0430\u0439\u0441\u043e\u0432\u0438\u0447", "created_at": "2023-05-14T10:27:54.136Z", "updated_at": "2023-06-07T10:55:11.659Z", "education": "\u0427\u0435\u0447\u0435\u043d\u0441\u043a\u0438\u0439 \u0433\u043e\u0441\u0443\u0434\u0430\u0440\u0441\u0442\u0432\u0435\u043d\u043d\u044b\u0439 \u0443\u043d\u0438\u0432\u0435\u0440\u0441\u0438\u0442\u0435\u0442, 2011 \u0433. \u041a\u0417 \u211673371.\r\n\u041e\u0440\u0434\u0438\u043d\u0430\u0442\u0443\u0440\u0430, \u0421\u0442\u0430\u0432\u0440\u043e\u043f\u043e\u043b\u044c. \u0413\u041c\u0423, \u043e\u043d\u043a\u043e\u043b\u043e\u0433\u0438\u044f, \u0441 01.09.2011\u0433. \u043f\u043e 31.08.2013\u0433., \u0414\u0438\u043f\u043b\u043e\u043c \u2116012618002515, \u0440\u0435\u0433. \u2116104, \u0433. \u0421\u0442\u0430\u0432\u0440\u043e\u043f\u043e\u043b\u044c.", "qualification": "\u041f\u0435\u0440\u0438\u043e\u0434\u0438\u0447\u0435\u0441\u043a\u0430\u044f \u0430\u043a\u043a\u0440\u0435\u0434\u0438\u0442\u0430\u0446\u0438\u044f, \u043e\u043d\u043a\u043e\u043b\u043e\u0433\u0438\u044f, 22.11.2022\u0433.", "experience": "", "seat": 1, "academic": null, "speciality": null, "department": 1, "biography": null, "image": "", "avg_rating": "0E-100", "persona_code": null, "published": true}}, {"model": "personnels.persona", "pk": 18, "fields": {"first_name": "\u0410\u0434\u0430\u043c", "last_name": "\u0422\u043e\u043a\u0430\u0435\u0432", "patronymic_name": "\u0412\u0430\u0445\u0430\u0435\u0432\u0438\u0447", "created_at": "2023-05-23T11:13:13.137Z", "updated_at": "2023-06-08T03:15:06.572Z", "education": "\u0410\u0437\u0435\u0440\u0431\u0430\u0439\u0434\u0436\u0430\u043d\u0441\u043a\u0438\u0439 \u043c\u0435\u0434\u0438\u0446\u0438\u043d\u0441\u043a\u0438\u0439 \u0443\u043d\u0438\u0432\u0435\u0440\u0441\u0438\u0442\u0435\u0442, 2004\u0433. \u0410\u0421-I \u2116000617.\r\n\u0418\u043d\u0442\u0435\u0440\u043d\u0430\u0442\u0443\u0440\u0430, \u0413\u0411 \u21161, \u0445\u0438\u0440\u0443\u0440\u0433\u0438\u044f, \u0421 01.08.04\u0433. \u043f\u043e 30.06.05\u0433., \u0443\u0434\u043e\u0441\u0442\u043e\u0432. \u211627, \u0432\u044b\u0434\u0430\u043d 18.07.2005\u0433.\r\n\u041f\u0440\u043e\u0444. \u043f\u0435\u0440\u0435\u043f\u043e\u0434\u0433\u043e\u0442\u043e\u0432\u043a\u0430 \u041f\u0435\u0440\u0432\u0438\u0447\u043d\u0430\u044f \u0441\u043f\u0435\u0446\u0438\u0430\u043b\u0438\u0437\u0430\u0446\u0438\u044f., \u0420\u041d\u0418\u041e\u0418, \u043e\u043d\u043a\u043e\u043b\u043e\u0433\u0438\u044f, \r\n\u0441 01.07.07\u0433. \u043f\u043e 31.10.07\u0433., \u0443\u0434\u043e\u0441\u0442\u043e\u0432. \u211643, \u0432\u044b\u0434\u0430\u043d\u043e 31.10.2007\u0433.", "qualification": "\u0410\u041d\u041e \"\u041d\u0430\u0443\u0447\u043d\u043e-\u0438\u0441\u0441\u043b\u0435\u0434\u043e\u0432\u0430\u0442\u0435\u043b\u044c\u0441\u043a\u0438\u0439 \u0438\u043d\u0441\u0442\u0438\u0442\u0443\u0442 \u0437\u0434\u043e\u0440\u043e\u0432\u044c\u044f\", \u043e\u043d\u043a\u043e\u043b\u043e\u0433\u0438\u044f, 14.11.2017\u0433.,\u21161126241442033, \u0420\u0435\u0433. \u21162815 \u0432\u044b\u0434\u0430\u043d 15.11.2017\u0433.,   \u0433. \u041a\u0438\u0441\u043b\u043e\u0432\u043e\u0434\u0441\u043a", "experience": "", "seat": 2, "academic": null, "speciality": null, "department": 15, "biography": null, "image": "", "avg_rating": "0E-100", "persona_code": null, "published": true}}, {"model": "personnels.persona", "pk": 19, "fields": {"first_name": "\u0417\u0430\u043b\u0438\u043d\u0430", "last_name": "\u0422\u0435\u043c\u0438\u0440\u043a\u0430\u0435\u0432\u0430", "patronymic_name": "\u042d\u043c\u0438\u0448\u0435\u0432\u043d\u0430", "created_at": "2023-05-23T11:16:37.012Z", "updated_at": "2023-06-08T08:58:40.423Z", "education": "\u0410\u0441\u0442\u0440\u0430\u0445\u0430\u043d\u0441\u043a\u0430\u044f \u0433\u043e\u0441\u0443\u0434\u0430\u0440\u0441\u0442\u0432\u0435\u043d\u043d\u0430\u044f \u043c\u0435\u0434\u0438\u0446\u0438\u043d\u0441\u043a\u0430\u044f \u0430\u043a\u0430\u0434\u0435\u043c\u0438\u044f, 2011\u0433. \u041a\u0410 \u211649256.\r\n\u041e\u0440\u0434\u0438\u043d\u0430\u0442\u0443\u0440\u0430, \u0410\u0441\u0442\u0440\u0430\u0445\u0430\u043d\u0441\u043a\u0430\u044f \u0413\u041c\u0410, \u043e\u043d\u043a\u043e\u043b\u043e\u0433\u0438\u044f, \u0441 01.09.11\u0433. \u043f\u043e 30.07.2013\u0433., \u0434\u0438\u043f\u043b\u043e\u043c \u2116013024004575, \u0432\u044b\u0434\u0430\u043d 31.08.13\u0433.", "qualification": "\u0410\u041d\u041e \u0414\u041f\u041e \"\u0413\u0443\u043c\u0430\u043d\u0438\u0442\u0430\u0440\u043d\u043e-\u0442\u0435\u0445\u043d\u0438\u0447\u0435\u0441\u043a\u0438\u0439 \u0438\u043d\u0441\u0442\u0438\u0442\u0443\u0442\", \u043e\u043d\u043a\u043e\u043b\u043e\u0433\u0438\u044f, 25.12.2020\u0433., \u21161177181101413, \u0440\u0435\u0433. \u2116\u04212512-380,  \u0432\u044b\u0434\u0430\u043d 12.12.2020\u0433., \u0433. \u041c\u043e\u0441\u043a\u0432\u0430", "experience": "", "seat": 1, "academic": null, "speciality": null, "department": 15, "biography": null, "image": "", "avg_rating": "0E-100", "persona_code": null, "published": true}}, {"model": "personnels.persona", "pk": 20, "fields": {"first_name": "\u041c\u044f\u043b\u0445-\u0410\u0437\u043d\u0438", "last_name": "\u041f\u0435\u0448\u0445\u043e\u0435\u0432\u0430", "patronymic_name": "\u0410\u0441\u043b\u0430\u043c\u0431\u0435\u043a\u043e\u0432\u043d\u0430", "created_at": "2023-05-23T11:18:12.469Z", "updated_at": "2023-06-08T12:00:23.142Z", "education": "\u0413\u0411\u041e\u0423 \u0412\u041f\u041e \u00ab\u0410\u0441\u0442\u0440\u0430\u0445\u0430\u043d\u0441\u043a\u0438\u0439 \u0433\u043e\u0441\u0443\u0434\u0430\u0440\u0441\u0442\u0432\u0435\u043d\u043d\u044b\u0439 \u043c\u0435\u0434\u0438\u0446\u0438\u043d\u0441\u043a\u0438\u0439 \u0443\u043d\u0438\u0432\u0435\u0440\u0441\u0438\u0442\u0435\u0442\u00bb, 2016\u0433. 113005 \u21160502256.\r\n\u041e\u0440\u0434\u0438\u043d\u0430\u0442\u0443\u0440\u0430, \u0424\u0413\u0411\u041e\u0423 \u0412\u041e \u00ab\u0410\u0441\u0442\u0440\u0430\u0445\u0430\u043d\u0441\u043a\u0438\u0439 \u0433\u043e\u0441\u0443\u0434\u0430\u0440\u0441\u0442\u0432\u0435\u043d\u043d\u044b\u0439 \u043c\u0435\u0434\u0438\u0446\u0438\u043d\u0441\u043a\u0438\u0439 \u0443\u043d\u0438\u0432\u0435\u0440\u0441\u0438\u0442\u0435\u0442\u00bb \u043e\u043d\u043a\u043e\u043b\u043e\u0433\u0438\u044f, \u0434\u0438\u043f\u043b\u043e\u043c  103024\u2116071293, \u0440\u0435\u0433. \u2116058/18 \u0432\u044b\u0434\u0430\u043d 31.08.2018\u0433. \u0433. \u0410\u0441\u0442\u0440\u0430\u0445\u0430\u043d\u044c", "qualification": "\u0424\u0413\u0411\u041e\u0423 \u0412\u041e \u00ab\u0410\u0441\u0442\u0440\u0430\u0445\u0430\u043d\u0441\u043a\u0438\u0439 \u0433\u043e\u0441\u0443\u0434\u0430\u0440\u0441\u0442\u0432\u0435\u043d\u043d\u044b\u0439 \u043c\u0435\u0434\u0438\u0446\u0438\u043d\u0441\u043a\u0438\u0439 \u0443\u043d\u0438\u0432\u0435\u0440\u0441\u0438\u0442\u0435\u0442\u00bb \u043e\u043d\u043a\u043e\u043b\u043e\u0433\u0438\u044f, 03.07.2018\u0433., \u21160130241673747, \u0440\u0435\u0433. \u2116058-18 \u0432\u044b\u0434\u0430\u043d 31.08.2018\u0433. \u0433. \u0410\u0441\u0442\u0440\u0430\u0445\u0430\u043d\u044c", "experience": "", "seat": 1, "academic": null, "speciality": null, "department": 15, "biography": null, "image": "", "avg_rating": "0E-100", "persona_code": null, "published": true}}, {"model": "personnels.persona", "pk": 21, "fields": {"first_name": "\u0420\u0430\u0438\u0441\u0430", "last_name": "\u0418\u0434\u0438\u0433\u043e\u0432\u0430", "patronymic_name": "\u041c\u043e\u0445\u043c\u0430\u0434\u043e\u0432\u043d\u0430", "created_at": "2023-05-23T11:21:43.019Z", "updated_at": "2023-06-08T02:27:27.840Z", "education": "\u0427\u0435\u0447\u0435\u043d\u0441\u043a\u0438\u0439 \u0433\u043e\u0441\u0443\u0434\u0430\u0440\u0441\u0442\u0432\u0435\u043d\u043d\u044b\u0439 \u0443\u043d\u0438\u0432\u0435\u0440\u0441\u0438\u0442\u0435\u0442, 2017\u0433. 102005 \u21160058371.\r\n\u041e\u0440\u0434\u0438\u043d\u0430\u0442\u0443\u0440\u0430, \u0424\u0413\u0411\u0423 \u00ab\u041d\u0430\u0446\u0438\u043e\u043d\u0430\u043b\u044c\u043d\u044b\u0439 \u043c\u0435\u0434\u0438\u0446\u0438\u043d\u0441\u043a\u0438\u0439 \u0438\u0441\u0441\u043b\u0435\u0434\u043e\u0432\u0430\u0442\u0435\u043b\u044c\u0441\u043a\u0438\u0439 \u0446\u0435\u043d\u0442\u0440 \u0440\u0430\u0434\u0438\u043e\u043b\u043e\u0433\u0438\u0438\u00bb \u041c\u041d\u0418\u041e\u0418 \u0438\u043c. \u041f.\u0410. \u0413\u0435\u0440\u0446\u0435\u043d\u0430) , \u043e\u043d\u043a\u043e\u043b\u043e\u0433\u0438\u044f, 24.07.2019\u0433. 104024\u2116077505, \u0440\u0435\u0433. \u211621/2019 \u0432\u044b\u0434\u0430\u043d 30.08.2017\u0433.\u0433. \u041c\u043e\u0441\u043a\u0432\u0430", "qualification": "\u041f\u0435\u0440\u0432\u0438\u0447\u043d\u0430\u044f \u0441\u043f\u0435\u0446\u0438\u0430\u043b\u0438\u0437\u0438\u0440\u043e\u0432\u0430\u043d\u043d\u0430\u044f \u0430\u043a\u043a\u0440\u0435\u0434\u0438\u0442\u0430\u0446\u0438\u044f. 28.08.2019", "experience": "", "seat": 1, "academic": null, "speciality": null, "department": 15, "biography": null, "image": "", "avg_rating": "0E-100", "persona_code": null, "published": true}}, {"model": "personnels.persona", "pk": 22, "fields": {"first_name": "\u042d\u043c\u0438\u043b\u0438\u044f", "last_name": "\u041a\u0430\u0434\u0438\u0435\u0432\u0430", "patronymic_name": "\u0410\u0431\u0434\u0443\u043b\u0445\u0430\u043c\u0438\u0434\u043e\u0432\u043d\u0430", "created_at": "2023-05-23T11:58:11.851Z", "updated_at": "2023-06-06T03:55:14.161Z", "education": "\u0427\u0435\u0447\u0435\u043d\u0441\u043a\u0438\u0439 \u0433\u043e\u0441\u0443\u0434\u0430\u0440\u0441\u0442\u0432\u0435\u043d\u043d\u044b\u0439 \u0443\u043d\u0438\u0432\u0435\u0440\u0441\u0438\u0442\u0435\u0442, 2004\u0433. \u0412\u0421\u0410 \u21160089761.\r\n\u0418\u043d\u0442\u0435\u0440\u043d\u0430\u0442\u0443\u0440\u0430, \u0420\u043e\u0441\u0442. \u0413\u041c\u0423, \u0430\u043a\u0443\u0448\u0435\u0440\u0441\u0442\u0432\u043e \u0438 \u0433\u0438\u043d\u0435\u043a\u043e\u043b\u043e\u0433\u0438\u044f, \u0441 01.08.2004\u0433. \u043f\u043e 26.06.2005\u0433 , \u0441\u0432-\u0432\u043e \u0431/\u043d.\r\n\u041e\u0440\u0434\u0438\u043d\u0430\u0442\u0443\u0440\u0430, \u041c\u041d\u0418\u041e\u0418 \u0438\u043c. \u041f.\u0410. \u0413\u0435\u0440\u0446\u0435\u043d\u0430, \u043e\u043d\u043a\u043e\u043b\u043e\u0433\u0438\u044f, \u0441 01.09.08\u0433. \u043f\u043e 31.08.2010\u0433., \u0443\u0434\u043e\u0441\u0442\u043e\u0432\u0435\u0440\u0435\u043d\u0438\u0435, \u0440\u0435\u0433.\u2116211, \u0432\u044b\u0434\u0430\u043d\u043e 31.08.10\u0433.,\u0433. \u041c\u043e\u0441\u043a\u0432\u0430.\r\n\u0410\u0441\u043f\u0438\u0440\u0430\u043d\u0442\u0443\u0440\u0430, \u041c\u041d\u0418\u041e\u0418 \u0438\u043c. \u041f.\u0410. \u0413\u0435\u0440\u0446\u0435\u043d\u0430, \u043e\u043d\u043a\u043e\u043b\u043e\u0433\u0438\u044f, \u0443\u0434\u043e\u0441\u0442\u043e\u0432. \u0440\u0435\u0433. \u21162/2013 \u043e\u0442 23.08.13\u0433. \u0433. \u0433.\u041c\u043e\u0441\u043a\u0432\u0430", "qualification": "\u041e\u041e\u041e \u00ab\u0426\u0435\u043d\u0442\u0440 \u041f\u0440\u043e\u0444\u0435\u0441\u0441\u0438\u043e\u043d\u0430\u043b\u044c\u043d\u043e\u0433\u043e \u041e\u0431\u0440\u0430\u0437\u043e\u0432\u0430\u043d\u0438\u044f\u00bb, \u043e\u043d\u043a\u043e\u043b\u043e\u0433\u0438\u044f, 07.04.2020\u0433., \u21161126242371969, \u0440\u0435\u0433.\u21162800, \u0432\u044b\u0434\u0430\u043d 08.04.2020\u0433. \u0433. \u0421\u0442\u0430\u0432\u0440\u043e\u043f\u043e\u043b\u044c", "experience": "", "seat": 2, "academic": 1, "speciality": null, "department": 16, "biography": null, "image": "", "avg_rating": "0E-100", "persona_code": null, "published": true}}, {"model": "personnels.persona", "pk": 23, "fields": {"first_name": "\u0424\u0430\u0442\u0438\u043c\u0430", "last_name": "\u0418\u0441\u0430\u043a\u043e\u0432\u0430", "patronymic_name": "\u0421\u0443\u043b\u0438\u043c\u0431\u0435\u043a\u043e\u0432\u043d\u0430", "created_at": "2023-05-24T05:40:21.268Z", "updated_at": "2023-06-08T12:00:09.331Z", "education": "\u0420\u043e\u0441\u0442\u043e\u0432\u0441\u043a\u0438\u0439 \u0433\u043e\u0441\u0443\u0434\u0430\u0440\u0441\u0442\u0432\u0435\u043d\u043d\u044b\u0439 \u043c\u0435\u0434\u0438\u0446\u0438\u043d\u0441\u043a\u0438\u0439 \u0443\u043d\u0438\u0432\u0435\u0440\u0441\u0438\u0442\u0435\u0442, 2011\u0433. \u041a\u0410 \u211621185.\r\n\u041e\u0440\u0434\u0438\u043d\u0430\u0442\u0443\u0440\u0430, \u0420\u043e\u0441\u0442\u043e\u0432\u0441\u043a\u0438\u0439  \u0433\u043e\u0441. \u043c\u0435\u0434. \u0443\u043d\u0438\u0432\u0435\u0440\u0441\u0438\u0442\u0435\u0442, \u043e\u043d\u043a\u043e\u043b\u043e\u0433\u0438\u044f,  \u0441 01.09.2011\u0433. \u043f\u043e 30.08.2013\u0433., \u0434\u0438\u043f\u043b\u043e\u043c 016124 \u2116006346, \u0432\u044b\u0434\u0430\u043d 30.08.13\u0433., \u0440\u0435\u0433.\u2116147/13, \u0433. \u0420\u043e\u0441\u0442\u043e\u0432-\u043d\u0430-\u0414\u043e\u043d\u0443.\r\n\u0410\u0441\u043f\u0438\u0440\u0430\u043d\u0442\u0443\u0440\u0430, \u0420\u043e\u0441\u0442\u043e\u0432\u0441\u043a\u0438\u0439 \u043d\u0430\u0443\u0447\u043d\u043e-\u0438\u0441\u0441\u043b\u0435\u0434\u043e\u0432\u0430\u0442\u0435\u043b\u044c\u0441\u043a\u0438\u0439 \u043e\u043d\u043a\u043e\u043b\u043e\u0433\u0438\u0447\u0435\u0441\u043a\u0438\u0439 \u0438\u043d\u0441\u0442\u0438\u0442\u0443\u0442, \u043e\u043d\u043a\u043e\u043b\u043e\u0433\u0438\u044f,  \u0441 01.09.2013\u0433. \u043f\u043e 31.08.2016\u0433. \u0414\u0438\u043f\u043b\u043e\u043c \u041a\u041d\u0414 \u2116027880, \u043e\u0442 12.12.2016\u0433. \u0433. \u041c\u043e\u0441\u043a\u0432\u0430.", "qualification": "\u0410\u041d\u041e \u0414\u041f\u041e \"\u0413\u0443\u043c\u0430\u043d\u0438\u0442\u0430\u0440\u043d\u043e-\u0442\u0435\u0445\u043d\u0438\u0447\u0435\u0441\u043a\u0438\u0439 \u0438\u043d\u0441\u0442\u0438\u0442\u0443\u0442\",  \u043e\u043d\u043a\u043e\u043b\u043e\u0433\u0438\u044f, 28.12.2020\u0433. \u21161177181106837, \u0440\u0435\u0433. \u2116\u04212812-072,  \u0433. \u041c\u043e\u0441\u043a\u0432\u0430, \u0432\u044b\u0434\u0430\u043d 28.12.2020\u0433.", "experience": "", "seat": 1, "academic": 1, "speciality": null, "department": 16, "biography": null, "image": "", "avg_rating": "0E-100", "persona_code": null, "published": true}}, {"model": "personnels.persona", "pk": 24, "fields": {"first_name": "\u042d\u043b\u0438\u043d\u0430", "last_name": "\u041d\u0430\u043d\u0430\u0435\u0432\u0430", "patronymic_name": "\u0425\u0430\u0441\u0430\u043d\u043e\u0432\u043d\u0430", "created_at": "2023-05-24T05:42:36.627Z", "updated_at": "2023-06-02T15:50:39.681Z", "education": "\u0421\u0430\u043d\u043a\u0442-\u041f\u0435\u0442\u0435\u0440\u0431\u0443\u0440\u0433\u0441\u043a\u0430\u044f \u0433\u043e\u0441\u0443\u0434\u0430\u0440\u0441\u0442\u0432\u0435\u043d\u043d\u0430\u044f \u043f\u0435\u0434\u0438\u0430\u0442\u0440\u0438\u0447\u0435\u0441\u043a\u0430\u044f \u043c\u0435\u0434\u0438\u0446\u0438\u043d\u0441\u043a\u0430\u044f \u0430\u043a\u0430\u0434\u0435\u043c\u0438\u044f, 2009\u0433. \u0412\u0421\u0413 \u21161454810.\r\n\u041e\u0440\u0434\u0438\u043d\u0430\u0442\u0443\u0440\u0430, \u0421\u0430\u043d\u043a\u0442-\u041f\u0435\u0442\u0435\u0440\u0431\u0443\u0440\u0433\u0441\u043a\u0430\u044f \u0433\u043e\u0441. \u043f\u0435\u0434\u0438\u0430\u0442\u0440\u0438\u0447\u0435\u0441\u043a\u0430\u044f \u043c\u0435\u0434. \u0430\u043a\u0430\u0434\u0435\u043c\u0438\u044f, \u0430\u043a\u0443\u0448\u0435\u0440\u0441\u0442\u0432\u043e \u0438 \u0433\u0438\u043d\u0435\u043a\u043e\u043b\u043e\u0433\u0438\u044f, \u0421 03.09.09\u0433. \u043f\u043e 02.09.11\u0433., \u0443\u0434\u043e\u0441\u0442\u043e\u0432. \u0440\u0435\u0433.\u211637/11, \u0432\u044b\u0434\u0430\u043d 02.09.11\u0433.\r\n\u0414\u0438\u043f\u043b\u043e\u043c \u043f\u043e \u043f\u0440\u043e\u0444. \u043f\u0435\u0440\u0435\u043f\u043e\u0434\u0433-\u043a\u0435, \u0421\u0435\u0432\u0435\u0440\u043e-\u0417\u0430\u043f\u0430\u0434\u043d\u044b\u0439 \u0433\u043e\u0441. \u043c\u0435\u0434. \u0443\u043d\u0438\u0432\u0435\u0440\u0441\u0438\u0442\u0435\u0442 \u0438\u043c. \u0418.\u0418. \u041c\u0435\u0447\u043d\u0438\u043a\u043e\u0432\u0430, \u043e\u043d\u043a\u043e\u043b\u043e\u0433\u0438\u044f, \u21160178040001301 \u0421 06.10.14\u0433. \u043f\u043e 18.12.2014\u0433., 504\u0447., \u0440\u0435\u0433.\u2116 21756, \u0432\u044b\u0434\u0430\u043d 18.12.14\u0433., \u0433. \u0421\u0430\u043d\u043a\u0442-\u041f\u0435\u0442\u0435\u0440\u0431\u0443\u0440\u0433.", "qualification": "\u0410\u041d\u041e \u0414\u041f\u041e \u00ab\u041c\u0435\u0436\u0434\u0443\u043d\u0430\u0440\u043e\u0434\u043d\u044b\u0439 \u0438\u043d\u0441\u0442\u0438\u0442\u0443\u0442 \u0441\u043e\u0432\u0440\u0435\u043c\u0435\u043d\u043d\u043e\u0433\u043e \u043e\u0431\u0440\u0430\u0437\u043e\u0432\u0430\u043d\u0438\u044f\u00bb, \u043e\u043d\u043a\u043e\u043b\u043e\u0433\u0438\u044f, 28.09.2019\u0433. \u21161126242054568, \u0440\u0435\u0433. \u2116\u0423-002742-19, \u0432\u044b\u0434\u0430\u043d 30.09.2019\u0433., \u0433. \u0415\u0441\u0441\u0435\u043d\u0442\u0443\u043a\u0438", "experience": "", "seat": 1, "academic": null, "speciality": null, "department": 16, "biography": null, "image": "", "avg_rating": "0E-100", "persona_code": null, "published": true}}, {"model": "personnels.persona", "pk": 25, "fields": {"first_name": "\u041c\u043e\u0432\u043b\u0435\u0442", "last_name": "\u0422\u0435\u043c\u0438\u0440\u0433\u0435\u0440\u0435\u0435\u0432", "patronymic_name": "\u0417\u0430\u0445\u0438\u0440\u043e\u0432\u0438\u0447", "created_at": "2023-05-24T05:53:47.655Z", "updated_at": "2023-06-06T12:55:37.258Z", "education": "\u041a\u0430\u0437\u0430\u043d\u0441\u043a\u0438\u0439 \u0433\u043e\u0441\u0443\u0434\u0430\u0440\u0441\u0442\u0432\u0435\u043d\u043d\u044b\u0439 \u043c\u0435\u0434\u0438\u0446\u0438\u043d\u0441\u043a\u0438\u0439 \u0443\u043d\u0438\u0432\u0435\u0440\u0441\u0438\u0442\u0435\u0442, 2013\u0433.,\u041e\u041a\u0410 \u211622982.\r\n\u041e\u0440\u0434\u0438\u043d\u0430\u0442\u0443\u0440\u0430, \u0424\u0413\u0411\u0423 \u00ab\u041d\u0430\u0446\u0438\u043e\u043d\u0430\u043b\u044c\u043d\u044b\u0439 \u043c\u0435\u0434\u0438\u0446\u0438\u043d\u0441\u043a\u0438\u0439 \u0438\u0441\u0441\u043b\u0435\u0434\u043e\u0432\u0430\u0442\u0435\u043b\u044c\u0441\u043a\u0438\u0439 \u0446\u0435\u043d\u0442\u0440 \u0440\u0430\u0434\u0438\u043e\u043b\u043e\u0433\u0438\u0438\u00bb(\u041c\u041d\u0418\u041e\u0418 \u0438\u043c. \u0413\u0435\u0440\u0446\u0435\u043d\u0430)., \u043e\u043d\u043a\u043e\u043b\u043e\u0433\u0438\u044f, \u0441 01.09.2016\u0433. \u043f\u043e 25.07.2018\u0433.,\u0434\u0438\u043f\u043b\u043e\u043c 104024\u2116063773, \u0432\u044b\u0434\u0430\u043d 31.08.18\u0433., \u0440\u0435\u0433.\u211624/2018, \u0433. \u041c\u043e\u0441\u043a\u0432\u0430.", "qualification": "\u0424\u0413\u0411\u0423 \u00ab\u041d\u0430\u0446\u0438\u043e\u043d\u0430\u043b\u044c\u043d\u044b\u0439 \u043c\u0435\u0434\u0438\u0446\u0438\u043d\u0441\u043a\u0438\u0439 \u0438\u0441\u0441\u043b\u0435\u0434\u043e\u0432\u0430\u0442\u0435\u043b\u044c\u0441\u043a\u0438\u0439 \u0446\u0435\u043d\u0442\u0440 \u0440\u0430\u0434\u0438\u043e\u043b\u043e\u0433\u0438\u0438\u00bb, \u043e\u043d\u043a\u043e\u043b\u043e\u0433\u0438\u044f, \u21160277240267920, 25.07.2018\u0433. \u0420\u0435\u0433.\u21162018/28, \u0432\u044b\u0434\u0430\u043d 25.07.2018\u0433., \u0433. \u041c\u043e\u0441\u043a\u0432\u0430.", "experience": "", "seat": 2, "academic": null, "speciality": null, "department": 18, "biography": null, "image": "", "avg_rating": "0E-100", "persona_code": null, "published": true}}, {"model": "personnels.persona", "pk": 26, "fields": {"first_name": "\u0423\u043c\u0430\u043b\u0430\u0442", "last_name": "\u0422\u0430\u0440\u0430\u043c\u043e\u0432", "patronymic_name": "\u0423\u0432\u0430\u0439\u0441\u043e\u0432\u0438\u0447", "created_at": "2023-05-24T05:58:17.612Z", "updated_at": "2023-06-06T12:55:38.817Z", "education": "\u0427\u0435\u0447\u0435\u043d\u0441\u043a\u0438\u0439 \u0433\u043e\u0441\u0443\u0434\u0430\u0440\u0441\u0442\u0432\u0435\u043d\u043d\u044b\u0439 \u0443\u043d\u0438\u0432\u0435\u0440\u0441\u0438\u0442\u0435\u0442, 2011\u0433. \u041a\u0417 \u211673371.\r\n\u041e\u0440\u0434\u0438\u043d\u0430\u0442\u0443\u0440\u0430, \u0421\u0442\u0430\u0432\u0440\u043e\u043f\u043e\u043b\u044c.  \u0413\u041c\u0423, \u043e\u043d\u043a\u043e\u043b\u043e\u0433\u0438\u044f, \u0441 01.09.2011\u0433. \u043f\u043e 31.08.2013\u0433.,\u0414\u0438\u043f\u043b\u043e\u043c \u2116012618002515, \u0440\u0435\u0433. \u2116104, \u0433. \u0421\u0442\u0430\u0432\u0440\u043e\u043f\u043e\u043b\u044c.", "qualification": "\u041f\u0435\u0440\u0438\u043e\u0434\u0438\u0447\u0435\u0441\u043a\u0430\u044f \u0430\u043a\u043a\u0440\u0435\u0434\u0438\u0442\u0430\u0446\u0438\u044f, \u043e\u043d\u043a\u043e\u043b\u043e\u0433\u0438\u044f, 22.11.2022\u0433.", "experience": "", "seat": 1, "academic": null, "speciality": null, "department": 18, "biography": null, "image": "", "avg_rating": "0E-100", "persona_code": null, "published": true}}, {"model": "personnels.persona", "pk": 27, "fields": {"first_name": "\u0418\u0437\u0440\u0430\u0438\u043b", "last_name": "\u0414\u0436\u0430\u0431\u0440\u0430\u0438\u043b\u043e\u0432", "patronymic_name": "\u0420\u0438\u0437\u0432\u0430\u043d\u043e\u0432\u0438\u0447", "created_at": "2023-05-24T06:00:55.982Z", "updated_at": "2023-06-06T12:55:35.805Z", "education": "\u0413\u0411\u041e\u0423 \u0412\u041f\u041e \u00ab\u0412\u043e\u043b\u0433\u043e\u0433\u0440\u0430\u0434\u0441\u043a\u0438\u0439 \u0433\u043e\u0441\u0443\u0434\u0430\u0440\u0441\u0442\u0432\u0435\u043d\u043d\u044b\u0439 \u043c\u0435\u0434\u0438\u0446\u0438\u043d\u0441\u043a\u0438\u0439 \u0443\u043d\u0438\u0432\u0435\u0440\u0441\u0438\u0442\u0435\u0442\u00bb, 2015\u0433. 103404 \u21160000381.\r\n\u0418\u043d\u0442\u0435\u0440\u043d\u0430\u0442\u0443\u0440\u0430, \u0427\u0435\u0447\u0435\u043d\u0441\u043a\u0438\u0439 \u0433\u043e\u0441\u0443\u0434\u0430\u0440\u0441\u0442\u0432\u0435\u043d\u043d\u044b\u0439 \u0443\u043d\u0438\u0432\u0435\u0440\u0441\u0438\u0442\u0435\u0442, \u0445\u0438\u0440\u0443\u0440\u0433\u0438\u044f, \u0434\u0438\u043f\u043b\u043e\u043c \u2116012018046058, \u0440\u0435\u0433. \u21160033, \u0432\u044b\u0434\u0430\u043d 09.07.2016\u0433., \u0433. \u0413\u0440\u043e\u0437\u043d\u044b\u0439.\r\n\u041e\u0434\u0438\u043d\u0430\u0442\u0443\u0440\u0430, \u0424\u0413\u0411\u0423 \u00ab\u0413\u043e\u0441\u0443\u0434\u0430\u0440\u0441\u0442\u0432\u0435\u043d\u043d\u044b\u0439 \u043d\u0430\u0443\u0447\u043d\u044b\u0439 \u0446\u0435\u043d\u0442\u0440 \u0420\u0424 \u2013 \u0424\u0435\u0434\u0435\u0440\u0430\u043b\u044c\u043d\u044b\u0439 \u043c\u0435\u0434\u0438\u0446\u0438\u043d\u0441\u043a\u0438\u0439 \u0431\u0438\u043e\u0444\u0438\u0437\u0438\u0447\u0435\u0441\u043a\u0438\u0439 \u0446\u0435\u043d\u0442\u0440 \u0438\u043c. \u0410.\u0418. \u0411\u0443\u0440\u043d\u0430\u0437\u044f\u043d\u0430,  \u043e\u043d\u043a\u043e\u043b\u043e\u0433\u0438\u044f, \u0434\u0438\u043f\u043b\u043e\u043c 107718\u2116231858, \u0440\u0435\u0433. \u211684/18, \u0432\u044b\u0434\u0430\u043d 31.08.2018\u0433. \u0433. \u041c\u043e\u0441\u043a\u0432\u0430.", "qualification": "\u0424\u0413\u0411\u0423 \u00ab\u0413\u043e\u0441\u0443\u0434\u0430\u0440\u0441\u0442\u0432\u0435\u043d\u043d\u044b\u0439 \u043d\u0430\u0443\u0447\u043d\u044b\u0439 \u0446\u0435\u043d\u0442\u0440 \u0420\u0424 \u2013 \u0424\u0435\u0434\u0435\u0440\u0430\u043b\u044c\u043d\u044b\u0439 \u043c\u0435\u0434\u0438\u0446\u0438\u043d\u0441\u043a\u0438\u0439 \u0431\u0438\u043e\u0444\u0438\u0437\u0438\u0447\u0435\u0441\u043a\u0438\u0439 \u0446\u0435\u043d\u0442 \u0438\u043c. \u0410.\u0418. \u0411\u0443\u0440\u043d\u0430\u0437\u044f\u043d\u0430,  \u043e\u043d\u043a\u043e\u043b\u043e\u0433\u0438\u044f, 20.07.2018\u0433., \u21160377180815660, \u0440\u0435\u0433. \u21161084/18 \u0432\u044b\u0434\u0430\u043d 31.08.2018\u0433.", "experience": "", "seat": 1, "academic": null, "speciality": null, "department": 18, "biography": null, "image": "", "avg_rating": "0E-100", "persona_code": null, "published": true}}, {"model": "personnels.persona", "pk": 28, "fields": {"first_name": "\u042d\u043b\u044c\u0434\u0430\u0440", "last_name": "\u041c\u0430\u0433\u043e\u043c\u0430\u0434\u043e\u0432", "patronymic_name": "\u0410\u043f\u0442\u0438\u0435\u0432\u0438\u0447", "created_at": "2023-05-24T06:03:19.785Z", "updated_at": "2023-06-08T02:14:01.659Z", "education": "\u041f\u0435\u0442\u0440\u043e\u0437\u0430\u0432\u043e\u0434\u0441\u043a\u0438\u0439 \u0433\u043e\u0441\u0443\u0434\u0430\u0440\u0441\u0442\u0432\u0435\u043d\u043d\u044b\u0439 \u0443\u043d\u0438\u0432\u0435\u0440\u0441\u0438\u0442\u0435\u0442 , 2011\u0433. \u0412\u0421\u0413 \u21163835404.\r\n\u041e\u0440\u0434\u0438\u043d\u0430\u0442\u0443\u0440\u0430, \u041f\u0435\u0442\u0440\u043e\u0437\u0430\u0432\u043e\u0434\u0441\u043a\u0438\u0439 \u0433\u043e\u0441. \u0443\u043d\u0438\u0432\u0435\u0440\u0441\u0438\u0442\u0435\u0442,  \u0445\u0438\u0440\u0443\u0440\u0433\u0438\u044f, \u0441 01.09.12\u0433. \u043f\u043e 26.05.14\u0433. , \u0434\u0438\u043f\u043b\u043e\u043c \u2116011024  004446 , \u0440\u0435\u0433. \u211630 \u0432\u044b\u0434\u0430\u043d 26.05.14\u0433., \u0433. \u041f\u0435\u0442\u0440\u043e\u0437\u0430\u0432\u043e\u0434\u0441\u043a.", "qualification": "\u041e\u041e\u041e \u00ab\u0426\u0435\u043d\u0442\u0440 \u041f\u0440\u043e\u0444\u0435\u0441\u0441\u0438\u043e\u043d\u0430\u043b\u044c\u043d\u043e\u0433\u043e \u041e\u0431\u0440\u0430\u0437\u043e\u0432\u0430\u043d\u0438\u044f\u00bb, \u043e\u043d\u043a\u043e\u043b\u043e\u0433\u0438\u044f, 15.06.2019\u0433. \u21161126241844838, \u0440\u0435\u0433.\u21161212 \u0432\u044b\u0434\u0430\u043d 17.06.2019\u0433. \u0433. \u0421\u0442\u0430\u0432\u0440\u043e\u043f\u043e\u043b\u044c", "experience": "", "seat": 2, "academic": 1, "speciality": null, "department": 17, "biography": null, "image": "", "avg_rating": "0E-100", "persona_code": null, "published": true}}, {"model": "personnels.persona", "pk": 29, "fields": {"first_name": "\u0410\u0434\u043b\u0430\u043d", "last_name": "\u0411\u0430\u0437\u0430\u0435\u0432", "patronymic_name": "\u041b\u0435\u0447\u0430\u0435\u0432\u0438\u0447", "created_at": "2023-05-24T06:06:29.710Z", "updated_at": "2023-06-08T00:02:56.181Z", "education": "\u0413\u0411\u041e\u0423 \u00ab\u0420\u043e\u0441\u0442\u043e\u0432\u0441\u043a\u0438\u0439 \u0433\u043e\u0441\u0443\u0434\u0430\u0440\u0441\u0442\u0432\u0435\u043d\u043d\u044b\u0439 \u043c\u0435\u0434\u0438\u0446\u0438\u043d\u0441\u043a\u0438\u0439 \u0443\u043d\u0438\u0432\u0435\u0440\u0441\u0438\u0442\u0435\u0442\u00bb, 2012\u0433. \u041a\u041e \u211698178.\r\n\u041e\u0440\u0434\u0438\u043d\u0430\u0442\u0443\u0440\u0430, \u0413\u0411\u041e\u0423  \u00ab\u0420\u043e\u0441\u0442\u043e\u0432\u0441\u043a\u0438\u0439 \u043d\u0430\u0443\u0447\u043d\u043e-\u0438\u0441\u0441\u043b\u0435\u0434\u043e\u0432\u0430\u0442\u0435\u043b\u044c\u0441\u043a\u0438\u0439 \u043e\u043d\u043a\u043e\u043b\u043e\u0433\u0438\u0447\u0435\u0441\u043a\u0438\u0439 \u0438\u043d\u0441\u0442\u0438\u0442\u0443\u0442\u00bb, \u043e\u043d\u043a\u043e\u043b\u043e\u0433\u0438\u044f, \u0441 01.09.2012\u0433. \u043f\u043e 31.07.2014\u0433., \u0434\u0438\u043f\u043b\u043e\u043c 106104 \u2116000002, \u0440\u0435\u0433. \u211692, \u0432\u044b\u0434\u0430\u043d 08.08.2014\u0433. \u0433. \u0420\u043e\u0441\u0442\u043e\u0432-\u043d\u0430-\u0414\u043e\u043d\u0443.\r\n\u0410\u0441\u043f\u0438\u0440\u0430\u043d\u0442\u0443\u0440\u0430, \u00ab\u0420\u043e\u0441\u0442\u043e\u0432\u0441\u043a\u0438\u0439 \u043d\u0430\u0443\u0447\u043d\u043e-\u0438\u0441\u0441\u043b\u0435\u0434\u043e\u0432\u0430\u0442\u0435\u043b\u044c\u0441\u043a\u0438\u0439 \u043e\u043d\u043a\u043e\u043b\u043e\u0433\u0438\u0447\u0435\u0441\u043a\u0438\u0439 \u0438\u043d\u0441\u0442\u0438\u0442\u0443\u0442\u00bb, \u0441\u043f\u0435\u0446\u0438\u0430\u043b\u044c\u043d\u043e\u0441\u0442\u044c \u00ab\u041a\u043b\u0438\u043d\u0438\u0447\u0435\u0441\u043a\u0430\u044f \u043c\u0435\u0434\u0438\u0446\u0438\u043d\u0430\u00bb - \u043a\u0432\u0430\u043b\u0438\u0444\u0438\u043a\u0430\u0446\u0438\u044f \u00ab\u0418\u0441\u0441\u043b\u0435\u0434\u043e\u0432\u0430\u0442\u0435\u043b\u044c. \u041f\u0440\u0435\u043f\u043e\u0434\u0430\u0432\u0430\u0442\u0435\u043b\u044c \u2013 \u0438\u0441\u0441\u043b\u0435\u0434\u043e\u0432\u0430\u0442\u0435\u043b\u044c\u00bb \u0441 01.09.2014\u0433. \u043f\u043e 21.06.2017\u0433., \u0434\u0438\u043f\u043b\u043e\u043c 106104 \u21160000002, \u0440\u0435\u0433. \u211602/17 \u043e\u0442 12.07.2017\u0433. \u0433. \u0420\u043e\u0441\u0442\u043e\u0432-\u043d\u0430-\u0414\u043e\u043d\u0443.\r\n\u041e\u0440\u0434\u0438\u043d\u0430\u0442\u0443\u0440\u0430, \u0424\u0413\u0411\u041e\u0423 \u0412\u041e \u00ab\u0420\u043e\u0441\u0442\u043e\u0432\u0441\u043a\u0438\u0439 \u0433\u043e\u0441\u0443\u0434\u0430\u0440\u0441\u0442\u0432\u0435\u043d\u043d\u044b\u0439 \u043c\u0435\u0434\u0438\u0446\u0438\u043d\u0441\u043a\u0438\u0439 \u0443\u043d\u0438\u0432\u0435\u0440\u0441\u0438\u0442\u0435\u0442\u00bb, \u0445\u0438\u0440\u0443\u0440\u0433\u0438\u044f, \u0441 01.09.2017\u0433. \u043f\u043e 13.06.2019\u0433., \u0434\u0438\u043f\u043b\u043e\u043c 106124 \u2116081601, \u0440\u0435\u0433. \u2116396/19, \u0432\u044b\u0434\u0430\u043d 01.07.2019\u0433. \u0433. \u0420\u043e\u0441\u0442\u043e\u0432-\u043d\u0430-\u0414\u043e\u043d\u0443.", "qualification": "\u0413\u0411\u041e\u0423  \u00ab\u0420\u043e\u0441\u0442\u043e\u0432\u0441\u043a\u0438\u0439 \u043d\u0430\u0443\u0447\u043d\u043e-\u0438\u0441\u0441\u043b\u0435\u0434\u043e\u0432\u0430\u0442\u0435\u043b\u044c\u0441\u043a\u0438\u0439 \u043e\u043d\u043a\u043e\u043b\u043e\u0433\u0438\u0447\u0435\u0441\u043a\u0438\u0439 \u0438\u043d\u0441\u0442\u0438\u0442\u0443\u0442\u00bb, \u043e\u043d\u043a\u043e\u043b\u043e\u0433\u0438\u044f, 30.04.2019\u0433. \u21160261040000670, \u0440\u0435\u0433. \u21162019001, \u0432\u044b\u0434\u0430\u043d 30.04.2019\u0433., \u0433. \u0420\u043e\u0441\u0442\u043e\u0432-\u043d\u0430-\u0414\u043e\u043d\u0443.", "experience": "", "seat": 1, "academic": null, "speciality": null, "department": 17, "biography": null, "image": "", "avg_rating": "0E-100", "persona_code": null, "published": true}}, {"model": "personnels.persona", "pk": 30, "fields": {"first_name": "\u0410\u043b\u0438\u0445\u0430\u043d", "last_name": "\u0413\u0435\u0445\u0430\u0435\u0432", "patronymic_name": "\u0423\u043c\u0430\u0440\u043e\u0432\u0438\u0447", "created_at": "2023-05-24T06:15:58.690Z", "updated_at": "2023-06-06T12:59:12.635Z", "education": "\u0411\u0435\u043b\u0433\u043e\u0440\u043e\u0434\u0441\u043a\u0438\u0439 \u0433\u043e\u0441\u0443\u0434\u0430\u0440\u0441\u0442\u0432\u0435\u043d\u043d\u044b\u0439 \u043d\u0430\u0443\u0447\u043d\u043e-\u0438\u0441\u0441\u043b\u0435\u0434\u043e\u0432\u0430\u0442\u0435\u043b\u044c\u0441\u043a\u0438\u0439 \u0443\u043d\u0438\u0432\u0435\u0440\u0441\u0438\u0442\u0435\u0442, 2013\u0433. ,\u041a\u0411 \u211604334.\r\n\u041e\u0440\u0434\u0438\u043d\u0430\u0442\u0443\u0440\u0430, \u0420\u043e\u0441\u0442\u043e\u0432\u0441\u043a\u0438\u0439 \u041d\u0418\u041e\u0418, \u043e\u043d\u043a\u043e\u043b\u043e\u0433\u0438\u044f, \u0441 30.08.2013 \u043f\u043e 31.08.15\u0433., \u0434\u0438\u043f\u043b\u043e\u043c 106104 \u2116000019, \u0432\u044b\u0434\u0430\u043d 02.09.15\u0433.,\u0440\u0435\u0433. \u211619 \u0433. \u0420\u043e\u0441\u0442\u043e\u0432-\u043d\u0430-\u0414\u043e\u043d\u0443", "qualification": "\u041e\u041e\u041e \u00ab\u0426\u0435\u043d\u0442\u0440 \u041f\u0440\u043e\u0444\u0435\u0441\u0441\u0438\u043e\u043d\u0430\u043b\u044c\u043d\u043e\u0433\u043e \u041e\u0431\u0440\u0430\u0437\u043e\u0432\u0430\u043d\u0438\u044f\u00bb, \u043e\u043d\u043a\u043e\u043b\u043e\u0433\u0438\u044f, 07.04.2020\u0433., \u2116112624233272, \u0440\u0435\u0433.\u21162806, \u0432\u044b\u0434\u0430\u043d 08.04.2020\u0433. \u0433. \u0421\u0442\u0430\u0432\u0440\u043e\u043f\u043e\u043b\u044c.", "experience": "", "seat": 2, "academic": null, "speciality": null, "department": 19, "biography": null, "image": "", "avg_rating": "0E-100", "persona_code": null, "published": true}}, {"model": "personnels.persona", "pk": 31, "fields": {"first_name": "\u041b\u0435\u0447\u0430", "last_name": "\u0418\u0431\u0440\u0430\u0433\u0438\u043c\u043e\u0432", "patronymic_name": "\u0410\u0445\u043c\u0430\u0434\u043e\u0432\u0438\u0447", "created_at": "2023-05-24T06:18:08.603Z", "updated_at": "2023-06-08T02:18:17.071Z", "education": "\u0427\u0435\u0447\u0435\u043d\u0441\u043a\u0438\u0439 \u0433\u043e\u0441\u0443\u0434\u0430\u0440\u0441\u0442\u0432\u0435\u043d\u043d\u044b\u0439 \u0443\u043d\u0438\u0432\u0435\u0440\u0441\u0438\u0442\u0435\u0442, 2010\u0413. \u0412\u0421\u0413 \u21165405927.\r\n\u041e\u0440\u0434\u0438\u043d\u0430\u0442\u0443\u0440\u0430, \u0420\u043e\u0441\u0442\u043e\u0432\u0441\u043a\u0438\u0439 \u0413\u041c\u0423, \u043e\u043d\u043a\u043e\u043b\u043e\u0433\u0438\u044f, \u0421 01.09.2011\u0433. \u043f\u043e 29.08.13\u0433.,\u0414\u0438\u043f\u043b\u043e\u043c \u2116016124 006343 \u043e\u0442 30.08.13\u0433. ,\u0420\u0435\u0433. \u2116146/13.\r\n\u0414\u0438\u043f\u043b\u043e\u043c \u043e \u043f\u0440\u043e\u0444\u0435\u0441\u0441\u0438\u043e\u043d\u0430\u043b\u044c\u043d\u043e\u0439 \u043f\u0435\u0440\u0435\u043f\u043e\u0434\u0433\u043e\u0442\u043e\u0432\u043a\u0435, \u041e\u041e\u041e '\u0410\u041f\u0413\u0420\u0415\u0419\u0414', \u043f\u043b\u0430\u0441\u0442\u0438\u0447\u0435\u0441\u043a\u0430\u044f \u0445\u0438\u0440\u0443\u0440\u0433\u0438\u044f, \u0441 19.09.23019\u0433. \u043f\u043e 24.12.2019\u0433., 576\u0447\u0430\u0441\u043e\u0432, \u2116 0000392, \u0440\u0435\u0433. \u2116\u041c2412/19-18, \u0432\u0434\u0430\u043d 24.12.2019\u0433. \u0433.\u041c\u043e\u0441\u043a\u0432\u0430.", "qualification": "\u0410\u041d\u041e \u0414\u041f\u041e\"\u0413\u0443\u043c\u0430\u043d\u0438\u0442\u0430\u0440\u043d\u043e-\u0442\u0435\u0445\u043d\u0438\u0447\u0435\u0441\u043a\u0438\u0439 \u0438\u043d\u0441\u0442\u0438\u0442\u0443\u0442\",, \u043e\u043d\u043a\u043e\u043b\u043e\u0433\u0438\u044f, 28.12.2020\u0433., \u21161177181106836, \u0440\u0435\u0433. \u2116\u04212812-071, \u0432\u044b\u0434\u0430\u043d 28.12.2020\u0433., \u0433. \u041c\u043e\u0441\u043a\u0432\u0430.                                                                                                      \u041e\u041e\u041e '\u0410\u041f\u0413\u0420\u0415\u0419\u0414', \u043f\u043b\u0430\u0441\u0442\u0438\u0447\u0435\u0441\u043a\u0430\u044f \u0445\u0438\u0440\u0443\u0440\u0433\u0438\u044f, 24.12.2019\u0433., \u21161177181040844, \u0440\u0435\u0433. \u21162412-18, \u0432\u044b\u0434\u0430\u043d 24.12.2019\u0433., \u0433. \u041c\u043e\u0441\u043a\u0432\u0430.\r\n\u0410\u041d\u041e \u0414\u041f\u041e\"\u0413\u0443\u043c\u0430\u043d\u0438\u0442\u0430\u0440\u043d\u043e-\u0442\u0435\u0445\u043d\u0438\u0447\u0435\u0441\u043a\u0438\u0439 \u0438\u043d\u0441\u0442\u0438\u0442\u0443\u0442\",  \u0445\u0438\u0440\u0443\u0440\u0433\u0438\u044f, 03.12.2020\u0433. \u21161177181106795, \u0440\u0435\u0433. \u2116\u04210312-023,  \u0433. \u041c\u043e\u0441\u043a\u0432\u0430, \u0432\u044b\u0434\u0430\u043d 03.12.2020\u0433.", "experience": "", "seat": 1, "academic": null, "speciality": null, "department": 19, "biography": null, "image": "", "avg_rating": "0E-100", "persona_code": null, "published": true}}, {"model": "personnels.persona", "pk": 32, "fields": {"first_name": "\u0410\u043b\u0445\u0430\u0437\u0443\u0440", "last_name": "\u0421\u0443\u043b\u0435\u0439\u043c\u0430\u043d\u043e\u0432", "patronymic_name": "\u041c\u0430\u0433\u043e\u043c\u0435\u0434\u043e\u0432\u0438\u0447", "created_at": "2023-05-24T06:20:09.235Z", "updated_at": "2023-06-06T13:04:39.065Z", "education": "\u041c\u043e\u0441\u043a\u043e\u0432\u0441\u043a\u0438\u0439 \u0433\u043e\u0441\u0443\u0434\u0430\u0440\u0441\u0442\u0432\u0435\u043d\u043d\u044b\u0439 \u043c\u0435\u0434\u0438\u043a\u043e-\u0441\u0442\u043e\u043c\u0430\u0442\u043e\u043b\u043e\u0433\u0438\u0447\u0435\u0441\u043a\u0438\u0439 \u0443\u043d\u0438\u0432\u0435\u0440\u0441\u0438\u0442\u0435\u0442, 2007\u0433. \u0412\u0421\u0413 \u21161482485.\r\n\u0418\u043d\u0442\u0435\u0440\u043d\u0430\u0442\u0443\u0440\u0430, \u041c\u043e\u0441\u043a\u043e\u0432\u0441\u043a\u0438\u0439 \u0433\u043e\u0441. \u043c\u0435\u0434\u0438\u043a\u043e-\u0441\u0442\u043e\u043c\u0430\u0442\u043e\u043b\u043e\u0433\u0438\u0447\u0435\u0441\u043a\u0438\u0439 \u0443\u043d\u0438\u0432\u0435\u0440\u0441\u0438\u0442\u0435\u0442\u0445\u0438\u0440\u0443\u0440\u0433\u0438\u044f, \u0441 01.09.2007\u0433. \u043f\u043e 31.08.2008\u0433. \u0423\u0434\u043e\u0441\u0442\u043e\u0432. \u2116129, \u0412\u044b\u0434\u0430\u043d 31.08.2008\u0433.\r\n\u041e\u0440\u0434\u0438\u043d\u0430\u0442\u0443\u0440\u0430, \u041c\u043e\u0441\u043a\u043e\u0432\u0441\u043a\u0438\u0439 \u0433\u043e\u0441. \u043c\u0435\u0434\u0438\u043a\u043e-\u0441\u0442\u043e\u043c\u0430\u0442\u043e\u043b\u043e\u0433\u0438\u0447\u0435\u0441\u043a\u0438\u0439 \u0443\u043d\u0438\u0432\u0435\u0440\u0441\u0438\u0442\u0435\u0442, \u0445\u0438\u0440\u0443\u0440\u0433\u0438\u044f, \u0441 24.10.08\u0433. \u043f\u043e 23.10.2010\u0433., \u0443\u0434\u043e\u0441\u0442\u043e\u0432. \u21161376, \u0432\u044b\u0434\u0430\u043d 19.10.2010\u0433. \r\n\u0418\u043d\u0442\u0435\u0440\u043d\u0430\u0442\u0443\u0440\u0430, \u041d\u041d\u041e\u0423 \u0426\u041f\u0414\u041e \u00ab\u0413\u0440\u043e\u0437\u043d\u0435\u043d\u0441\u043a\u0438\u0439 \u041c\u0435\u0434\u0438\u0424\u0430\u0440\u043c\u00bb \u043e\u043d\u043a\u043e\u043b\u043e\u0433\u0438\u044f, \u0441 02.08.2010\u0433. \u043f\u043e 30.06.2011\u0433., \u0443\u0434\u043e\u0441\u0442\u043e\u0432. \u2116207, \u0432\u044b\u0434\u0430\u043d 30.06.2011\u0433.", "qualification": "\u041e\u041e\u041e \u00ab\u0426\u0435\u043d\u0442\u0440 \u2013 \u0421\u00bb\u00bb, \u043e\u043d\u043a\u043e\u043b\u043e\u0433\u0438\u044f, 17.10.2020\u0433., \u21161126242384377, \u0440\u0435\u0433. \u21165084, \u0432\u044b\u0434\u0430\u043d 17.10.2020\u0433.,\u0433. \u0421\u0442\u0430\u0432\u0440\u043e\u043f\u043e\u043b\u044c.\r\n\u0410\u041d\u041e \u0414\u041f\u041e \"\u0413\u0443\u043c\u0430\u043d\u0438\u0442\u0430\u0440\u043d\u043e-\u0442\u0435\u0445\u043d\u0438\u0447\u0435\u0441\u043a\u0438\u0439 \u0438\u043d\u0441\u0442\u0438\u0442\u0443\u0442\",  \u0445\u0438\u0440\u0443\u0440\u0433\u0438\u044f, 25.12.2020\u0433. \u21161177181106820, \u0440\u0435\u0433. \u2116\u04212512-232,  \u0433. \u041c\u043e\u0441\u043a\u0432\u0430, \u0432\u044b\u0434\u0430\u043d 25.12.2020\u0433.", "experience": "", "seat": 1, "academic": null, "speciality": null, "department": 19, "biography": null, "image": "", "avg_rating": "0E-100", "persona_code": null, "published": true}}, {"model": "personnels.persona", "pk": 33, "fields": {"first_name": "\u0418\u0434\u0440\u0438\u0441", "last_name": "\u0427\u0430\u043d\u0438\u0435\u0432", "patronymic_name": "\u0425\u0430\u0441\u0430\u043d\u043e\u0432\u0438\u0447", "created_at": "2023-05-24T06:22:33.610Z", "updated_at": "2023-06-06T13:15:23.506Z", "education": "\u041f\u0435\u0442\u0440\u043e\u0437\u0430\u0432\u043e\u0434\u0441\u043a\u0438\u0439 \u0433\u043e\u0441\u0443\u0434\u0430\u0440\u0441\u0442\u0432\u0435\u043d\u043d\u044b\u0439 \u0443\u043d\u0438\u0432\u0435\u0440\u0441\u0438\u0442\u0435\u0442, 2013\u0433. \u041a\u0410 \u211625148.\r\n\u0418\u043d\u0442\u0435\u0440\u043d\u0430\u0442\u0443\u0440\u0430, \u041f\u0435\u0442\u0440\u043e\u0437\u0430\u0432\u043e\u0434\u0441\u043a\u0438\u0439 \u0433\u043e\u0441. \u0443\u043d\u0438\u0432\u0435\u0440\u0441\u0438\u0442\u0435\u0442, \u0445\u0438\u0440\u0443\u0440\u0433\u0438\u044f, \u0441 01.09.13\u0433. \u043f\u043e 31.07.2014\u0433., \u0434\u0438\u043f\u043b\u043e\u043c \u2116011024009694 \u0432\u044b\u0434\u0430\u043d 30.06.14\u0433. \u0440\u0435\u0433. \u2116262, \u0433. \u041f\u0435\u0442\u0440\u043e\u0437\u0430\u0432\u043e\u0434\u0441\u043a.\r\n\u041e\u0440\u0434\u0438\u043d\u0430\u0442\u0443\u0440\u0430, \u041f\u0435\u0442\u0440\u043e\u0437\u0430\u0432\u043e\u0434\u0441\u043a\u0438\u0439 \u0433\u043e\u0441. \u0443\u043d\u0438\u0432\u0435\u0440\u0441\u0438\u0442\u0435\u0442, \u0445\u0438\u0440\u0443\u0440\u0433\u0438\u044f, \u0441 01.09.14\u0433. \u043f\u043e 20.06.2016\u0433., \u0434\u0438\u043f\u043b\u043e\u043c 011024 \u2116014946 \u0432\u044b\u0434\u0430\u043d 20.06.16\u0433. \u0440\u0435\u0433. \u2116120, \u0433. \u041f\u0435\u0442\u0440\u043e\u0437\u0430\u0432\u043e\u0434\u0441\u043a.\r\n\u0414\u0438\u043f\u043b\u043e\u043c \u043f\u043e \u043f\u0440\u043e\u0444\u0435\u0441\u0441\u0438\u043e\u043d\u0430\u043b\u044c\u043d\u043e\u0439 \u043f\u0435\u0440\u0435\u043f\u043e\u0434\u0433\u043e\u0442\u043e\u0432\u043a\u0435, \u0410\u041d\u041e \u0414\u041f\u041e \u00ab\u041d\u0430\u0443\u0447\u043d\u043e-\u0438\u0441\u0441\u043b\u0435\u0434\u043e\u0432\u0430\u0442\u0435\u043b\u044c\u0441\u043a\u0438\u0439 \u0438\u043d\u0441\u0442\u0438\u0442\u0443\u0442 \u0437\u0434\u043e\u0440\u043e\u0432\u044c\u044f\u00bb, \u043e\u043d\u043a\u043e\u043b\u043e\u0433\u0438\u044f, \u0441 19.06.2017\u0433. \u043f\u043e 07.10.2017\u0433., 576 \u0447\u0430\u0441\u043e\u0432. \u2116262402488700 \u0440\u0435\u0433.\u21162684, \u0432\u044b\u0434\u0430\u043d 09.10.2017\u0433. , \u0433. \u041a\u0438\u0441\u043b\u043e\u0432\u043e\u0434\u0441\u043a.\r\n\u0414\u0438\u043f\u043b\u043e\u043c \u043e \u043f\u0440\u043e\u0444\u0435\u0441\u0441\u0438\u043e\u043d\u0430\u043b\u044c\u043d\u043e\u0439 \u043f\u0435\u0440\u0435\u043f\u043e\u0434\u0433\u043e\u0442\u043e\u0432\u043a\u0435, \u0410\u041d\u041e \u0414\u041f\u041e \u00ab\u0413\u0443\u043c\u0430\u043d\u0438\u0442\u0430\u0440\u043d\u043e-\u0442\u0435\u0445\u043d\u0438\u0447\u0435\u0441\u043a\u0438\u0439 \u0438\u043d\u0441\u0442\u0438\u0442\u0443\u0442\u00bb, \u043e\u0440\u0433\u0430\u043d\u0438\u0437\u0430\u0446\u0438\u044f \u0437\u0434\u0440\u0430\u0432\u043e\u043e\u0445\u0440\u0430\u043d\u0435\u043d\u0438\u044f \u0438 \u043e\u0431\u0449\u0435\u0441\u0442\u0432\u0435\u043d\u043d\u043e\u0435 \u0437\u0434\u043e\u0440\u043e\u0432\u044c\u0435, \u0441 19.09.2019\u0433. \u043f\u043e 23.12.2019\u0433., 576\u0447\u0430\u0441\u043e\u0432, \u2116003505, \u0440\u0435\u0433. \u2116\u041c1912/23 - 064,  \u0432\u044b\u0434\u0430\u043d 23.12.2019\u0433., \u0433. \u041c\u043e\u0441\u043a\u0432\u0430.", "qualification": "\u041e\u041e\u041e \u00ab\u0426\u0435\u043d\u0442\u0440 - \u0421\", \u043e\u043d\u043a\u043e\u043b\u043e\u0433\u0438\u044f, \u0441 04.12.2020\u0433. \u043f\u043e 31.12.2020\u0433., 144 \u0447\u0430\u0441\u0430, \u2116262413648526, \u0440\u0435\u0433.\u21166146, \u0432\u044b\u0434\u0430\u043d\u043e 31.12.2020\u0433., \u0433. \u0421\u0442\u0430\u0432\u0440\u043e\u043f\u043e\u043b\u044c.", "experience": "", "seat": 1, "academic": null, "speciality": null, "department": 19, "biography": null, "image": "", "avg_rating": "0E-100", "persona_code": null, "published": true}}, {"model": "structure.license", "pk": 2, "fields": {"title": "\u041b\u0438\u0446\u0435\u043d\u0437\u0438\u044f \u043d\u0430 \u0444\u0430\u0440\u043c\u0430\u0446\u0435\u0432\u0442\u0438\u0447\u0435\u0441\u043a\u0443\u044e \u0434\u0435\u044f\u0442\u0435\u043b\u044c\u043d\u043e\u0441\u0442\u044c", "type": "\u0444\u0430\u0440\u043c\u0430\u0446\u0435\u0432\u0442\u0438\u0447\u0435\u0441\u043a\u0430\u044f", "licenses_num": "\u041b\u041e-95-02-000757", "file": "licenses/farm_licenses_compressed.pdf"}}, {"model": "structure.license", "pk": 3, "fields": {"title": "\u041b\u0438\u0446\u0435\u043d\u0437\u0438\u044f \u0434\u0435\u044f\u0442\u0435\u043b\u044c\u043d\u043e\u0441\u0442\u0438 \u043f\u043e \u043e\u0431\u043e\u0440\u043e\u0442\u0443 \u043d\u0430\u0440\u043a\u043e\u0442\u0438\u0447\u0435\u0441\u043a\u0438\u0445 \u0441\u0440\u0435\u0434\u0441\u0442\u0432", "type": "\u043d\u0430\u0440\u043a\u043e\u0442\u0438\u0447\u0435\u0441\u043a\u0430\u044f", "licenses_num": "\u041b\u041e-95-03-000094", "file": "licenses/narko_lic_compressed.pdf"}}, {"model": "structure.license", "pk": 4, "fields": {"title": "\u041b\u0438\u0446\u0435\u043d\u0437\u0438\u044f \u043d\u0430 \u043e\u0441\u0443\u0449\u0435\u0441\u0442\u0432\u043b\u0435\u043d\u0438\u0435 \u043c\u0435\u0434\u0438\u0446\u0438\u043d\u0441\u043a\u043e\u0439 \u0434\u0435\u044f\u0442\u0435\u043b\u044c\u043d\u043e\u0441\u0442\u0438", "type": "\u043c\u0435\u0434\u0438\u0446\u0438\u043d\u0441\u043a\u0430\u044f", "licenses_num": "\u041b\u041e-95-01-001480", "file": "licenses/\u041b\u0418\u0426\u0415\u041d\u0417\u0418\u042f_2020_compressed.pdf"}}, {"model": "thumbnail.kvstore", "pk": "sorl-thumbnail||image||25bfd224626d2e979bd8b07ed260b4e0", "fields": {"value": "{\"name\": \"persons/1.jpg\", \"storage\": \"django.core.files.storage.FileSystemStorage\", \"size\": [3368, 6000]}"}}, {"model": "thumbnail.kvstore", "pk": "sorl-thumbnail||image||a2ad0a37d069cb21793ee8259ce8d072", "fields": {"value": "{\"name\": \"cache/48/52/48529cbe383e0bc1e4bb0b27afce6131.jpg\", \"storage\": \"django.core.files.storage.FileSystemStorage\", \"size\": [960, 600]}"}}, {"model": "thumbnail.kvstore", "pk": "sorl-thumbnail||image||b9034d9a1a02aa146e8d51562d79ae4e", "fields": {"value": "{\"name\": \"persons/14.jpg\", \"storage\": \"django.core.files.storage.FileSystemStorage\", \"size\": [3368, 6000]}"}}, {"model": "thumbnail.kvstore", "pk": "sorl-thumbnail||image||f0dab7f6f7212c95834ceea5e5a6d115", "fields": {"value": "{\"name\": \"cache/e9/fa/e9faf4bd224caff87f527ba4721e6700.jpg\", \"storage\": \"django.core.files.storage.FileSystemStorage\", \"size\": [960, 600]}"}}, {"model": "thumbnail.kvstore", "pk": "sorl-thumbnail||thumbnails||25bfd224626d2e979bd8b07ed260b4e0", "fields": {"value": "[\"f0dab7f6f7212c95834ceea5e5a6d115\"]"}}, {"model": "thumbnail.kvstore", "pk": "sorl-thumbnail||thumbnails||b9034d9a1a02aa146e8d51562d79ae4e", "fields": {"value": "[\"a2ad0a37d069cb21793ee8259ce8d072\"]"}}, {"model": "auth.permission", "pk": 1, "fields": {"name": "Can add log entry", "content_type": 1, "codename": "add_logentry"}}, {"model": "auth.permission", "pk": 2, "fields": {"name": "Can change log entry", "content_type": 1, "codename": "change_logentry"}}, {"model": "auth.permission", "pk": 3, "fields": {"name": "Can delete log entry", "content_type": 1, "codename": "delete_logentry"}}, {"model": "auth.permission", "pk": 4, "fields": {"name": "Can view log entry", "content_type": 1, "codename": "view_logentry"}}, {"model": "auth.permission", "pk": 5, "fields": {"name": "Can add permission", "content_type": 2, "codename": "add_permission"}}, {"model": "auth.permission", "pk": 6, "fields": {"name": "Can change permission", "content_type": 2, "codename": "change_permission"}}, {"model": "auth.permission", "pk": 7, "fields": {"name": "Can delete permission", "content_type": 2, "codename": "delete_permission"}}, {"model": "auth.permission", "pk": 8, "fields": {"name": "Can view permission", "content_type": 2, "codename": "view_permission"}}, {"model": "auth.permission", "pk": 9, "fields": {"name": "Can add group", "content_type": 3, "codename": "add_group"}}, {"model": "auth.permission", "pk": 10, "fields": {"name": "Can change group", "content_type": 3, "codename": "change_group"}}, {"model": "auth.permission", "pk": 11, "fields": {"name": "Can delete group", "content_type": 3, "codename": "delete_group"}}, {"model": "auth.permission", "pk": 12, "fields": {"name": "Can view group", "content_type": 3, "codename": "view_group"}}, {"model": "auth.permission", "pk": 13, "fields": {"name": "Can add user", "content_type": 4, "codename": "add_user"}}, {"model": "auth.permission", "pk": 14, "fields": {"name": "Can change user", "content_type": 4, "codename": "change_user"}}, {"model": "auth.permission", "pk": 15, "fields": {"name": "Can delete user", "content_type": 4, "codename": "delete_user"}}, {"model": "auth.permission", "pk": 16, "fields": {"name": "Can view user", "content_type": 4, "codename": "view_user"}}, {"model": "auth.permission", "pk": 17, "fields": {"name": "Can add content type", "content_type": 5, "codename": "add_contenttype"}}, {"model": "auth.permission", "pk": 18, "fields": {"name": "Can change content type", "content_type": 5, "codename": "change_contenttype"}}, {"model": "auth.permission", "pk": 19, "fields": {"name": "Can delete content type", "content_type": 5, "codename": "delete_contenttype"}}, {"model": "auth.permission", "pk": 20, "fields": {"name": "Can view content type", "content_type": 5, "codename": "view_contenttype"}}, {"model": "auth.permission", "pk": 21, "fields": {"name": "Can add session", "content_type": 6, "codename": "add_session"}}, {"model": "auth.permission", "pk": 22, "fields": {"name": "Can change session", "content_type": 6, "codename": "change_session"}}, {"model": "auth.permission", "pk": 23, "fields": {"name": "Can delete session", "content_type": 6, "codename": "delete_session"}}, {"model": "auth.permission", "pk": 24, "fields": {"name": "Can view session", "content_type": 6, "codename": "view_session"}}, {"model": "auth.permission", "pk": 25, "fields": {"name": "Can add \u0423\u0447\u0435\u043d\u0430\u044f \u0441\u0442\u0435\u043f\u0435\u043d\u044c", "content_type": 7, "codename": "add_academicdegree"}}, {"model": "auth.permission", "pk": 26, "fields": {"name": "Can change \u0423\u0447\u0435\u043d\u0430\u044f \u0441\u0442\u0435\u043f\u0435\u043d\u044c", "content_type": 7, "codename": "change_academicdegree"}}, {"model": "auth.permission", "pk": 27, "fields": {"name": "Can delete \u0423\u0447\u0435\u043d\u0430\u044f \u0441\u0442\u0435\u043f\u0435\u043d\u044c", "content_type": 7, "codename": "delete_academicdegree"}}, {"model": "auth.permission", "pk": 28, "fields": {"name": "Can view \u0423\u0447\u0435\u043d\u0430\u044f \u0441\u0442\u0435\u043f\u0435\u043d\u044c", "content_type": 7, "codename": "view_academicdegree"}}, {"model": "auth.permission", "pk": 29, "fields": {"name": "Can add \u0411\u0438\u043e\u0433\u0440\u0430\u0444\u0438\u044f", "content_type": 8, "codename": "add_biography"}}, {"model": "auth.permission", "pk": 30, "fields": {"name": "Can change \u0411\u0438\u043e\u0433\u0440\u0430\u0444\u0438\u044f", "content_type": 8, "codename": "change_biography"}}, {"model": "auth.permission", "pk": 31, "fields": {"name": "Can delete \u0411\u0438\u043e\u0433\u0440\u0430\u0444\u0438\u044f", "content_type": 8, "codename": "delete_biography"}}, {"model": "auth.permission", "pk": 32, "fields": {"name": "Can view \u0411\u0438\u043e\u0433\u0440\u0430\u0444\u0438\u044f", "content_type": 8, "codename": "view_biography"}}, {"model": "auth.permission", "pk": 33, "fields": {"name": "Can add \u041e\u0442\u0434\u0435\u043b\u0435\u043d\u0438\u0435", "content_type": 9, "codename": "add_department"}}, {"model": "auth.permission", "pk": 34, "fields": {"name": "Can change \u041e\u0442\u0434\u0435\u043b\u0435\u043d\u0438\u0435", "content_type": 9, "codename": "change_department"}}, {"model": "auth.permission", "pk": 35, "fields": {"name": "Can delete \u041e\u0442\u0434\u0435\u043b\u0435\u043d\u0438\u0435", "content_type": 9, "codename": "delete_department"}}, {"model": "auth.permission", "pk": 36, "fields": {"name": "Can view \u041e\u0442\u0434\u0435\u043b\u0435\u043d\u0438\u0435", "content_type": 9, "codename": "view_department"}}, {"model": "auth.permission", "pk": 37, "fields": {"name": "Can add \u0421\u043e\u0442\u0440\u0443\u0434\u043d\u0438\u043a", "content_type": 10, "codename": "add_persona"}}, {"model": "auth.permission", "pk": 38, "fields": {"name": "Can change \u0421\u043e\u0442\u0440\u0443\u0434\u043d\u0438\u043a", "content_type": 10, "codename": "change_persona"}}, {"model": "auth.permission", "pk": 39, "fields": {"name": "Can delete \u0421\u043e\u0442\u0440\u0443\u0434\u043d\u0438\u043a", "content_type": 10, "codename": "delete_persona"}}, {"model": "auth.permission", "pk": 40, "fields": {"name": "Can view \u0421\u043e\u0442\u0440\u0443\u0434\u043d\u0438\u043a", "content_type": 10, "codename": "view_persona"}}, {"model": "auth.permission", "pk": 41, "fields": {"name": "Can add \u0414\u043e\u043b\u0436\u043d\u043e\u0441\u0442\u044c", "content_type": 11, "codename": "add_seat"}}, {"model": "auth.permission", "pk": 42, "fields": {"name": "Can change \u0414\u043e\u043b\u0436\u043d\u043e\u0441\u0442\u044c", "content_type": 11, "codename": "change_seat"}}, {"model": "auth.permission", "pk": 43, "fields": {"name": "Can delete \u0414\u043e\u043b\u0436\u043d\u043e\u0441\u0442\u044c", "content_type": 11, "codename": "delete_seat"}}, {"model": "auth.permission", "pk": 44, "fields": {"name": "Can view \u0414\u043e\u043b\u0436\u043d\u043e\u0441\u0442\u044c", "content_type": 11, "codename": "view_seat"}}, {"model": "auth.permission", "pk": 45, "fields": {"name": "Can add \u0421\u043f\u0435\u0446\u0438\u0430\u043b\u044c\u043d\u043e\u0441\u0442\u044c", "content_type": 12, "codename": "add_speciality"}}, {"model": "auth.permission", "pk": 46, "fields": {"name": "Can change \u0421\u043f\u0435\u0446\u0438\u0430\u043b\u044c\u043d\u043e\u0441\u0442\u044c", "content_type": 12, "codename": "change_speciality"}}, {"model": "auth.permission", "pk": 47, "fields": {"name": "Can delete \u0421\u043f\u0435\u0446\u0438\u0430\u043b\u044c\u043d\u043e\u0441\u0442\u044c", "content_type": 12, "codename": "delete_speciality"}}, {"model": "auth.permission", "pk": 48, "fields": {"name": "Can view \u0421\u043f\u0435\u0446\u0438\u0430\u043b\u044c\u043d\u043e\u0441\u0442\u044c", "content_type": 12, "codename": "view_speciality"}}, {"model": "auth.permission", "pk": 49, "fields": {"name": "Can add \u0420\u0435\u0439\u0442\u0438\u043d\u0433", "content_type": 13, "codename": "add_rating"}}, {"model": "auth.permission", "pk": 50, "fields": {"name": "Can change \u0420\u0435\u0439\u0442\u0438\u043d\u0433", "content_type": 13, "codename": "change_rating"}}, {"model": "auth.permission", "pk": 51, "fields": {"name": "Can delete \u0420\u0435\u0439\u0442\u0438\u043d\u0433", "content_type": 13, "codename": "delete_rating"}}, {"model": "auth.permission", "pk": 52, "fields": {"name": "Can view \u0420\u0435\u0439\u0442\u0438\u043d\u0433", "content_type": 13, "codename": "view_rating"}}, {"model": "auth.permission", "pk": 53, "fields": {"name": "Can add \u041a\u043e\u043c\u043c\u0435\u043d\u0442\u0430\u0440\u0438\u0439", "content_type": 14, "codename": "add_comment"}}, {"model": "auth.permission", "pk": 54, "fields": {"name": "Can change \u041a\u043e\u043c\u043c\u0435\u043d\u0442\u0430\u0440\u0438\u0439", "content_type": 14, "codename": "change_comment"}}, {"model": "auth.permission", "pk": 55, "fields": {"name": "Can delete \u041a\u043e\u043c\u043c\u0435\u043d\u0442\u0430\u0440\u0438\u0439", "content_type": 14, "codename": "delete_comment"}}, {"model": "auth.permission", "pk": 56, "fields": {"name": "Can view \u041a\u043e\u043c\u043c\u0435\u043d\u0442\u0430\u0440\u0438\u0439", "content_type": 14, "codename": "view_comment"}}, {"model": "auth.permission", "pk": 57, "fields": {"name": "Can add kv store", "content_type": 15, "codename": "add_kvstore"}}, {"model": "auth.permission", "pk": 58, "fields": {"name": "Can change kv store", "content_type": 15, "codename": "change_kvstore"}}, {"model": "auth.permission", "pk": 59, "fields": {"name": "Can delete kv store", "content_type": 15, "codename": "delete_kvstore"}}, {"model": "auth.permission", "pk": 60, "fields": {"name": "Can view kv store", "content_type": 15, "codename": "view_kvstore"}}, {"model": "auth.permission", "pk": 61, "fields": {"name": "Can add \u041b\u0438\u0446\u0435\u043d\u0437\u0438\u044f", "content_type": 16, "codename": "add_license"}}, {"model": "auth.permission", "pk": 62, "fields": {"name": "Can change \u041b\u0438\u0446\u0435\u043d\u0437\u0438\u044f", "content_type": 16, "codename": "change_license"}}, {"model": "auth.permission", "pk": 63, "fields": {"name": "Can delete \u041b\u0438\u0446\u0435\u043d\u0437\u0438\u044f", "content_type": 16, "codename": "delete_license"}}, {"model": "auth.permission", "pk": 64, "fields": {"name": "Can view \u041b\u0438\u0446\u0435\u043d\u0437\u0438\u044f", "content_type": 16, "codename": "view_license"}}, {"model": "auth.user", "pk": 1, "fields": {"password": "pbkdf2_sha256$150000$1ktNhFe3ulEA$QTcs3nDkn7N3nRKuQwFKWYoUXv/FV9vvzv0dDbXrR9I=", "last_login": "2023-05-17T10:04:49.394Z", "is_superuser": true, "username": "sirius", "first_name": "", "last_name": "", "email": "", "is_staff": true, "is_active": true, "date_joined": "2023-04-24T16:10:13.917Z", "groups": [], "user_permissions": []}}, {"model": "auth.user", "pk": 2, "fields": {"password": "pbkdf2_sha256$150000$Eh7z4EV5SZEr$aN4QWtB41DkVkBqbnD/hKiEwH0iC/GKwiw/GCU6tZ8Y=", "last_login": "2023-04-24T16:44:37.253Z", "is_superuser": false, "username": "test", "first_name": "", "last_name": "", "email": "", "is_staff": false, "is_active": true, "date_joined": "2023-04-24T16:44:37.022Z", "groups": [], "user_permissions": []}}, {"model": "auth.user", "pk": 3, "fields": {"password": "pbkdf2_sha256$150000$5r0p7CkPxEMc$QW97b+w9G7H1byHmTVL42YYYGeMWXridUgb4ZY9X8bI=", "last_login": "2023-04-24T17:15:24.484Z", "is_superuser": false, "username": "testing", "first_name": "", "last_name": "", "email": "", "is_staff": false, "is_active": true, "date_joined": "2023-04-24T17:04:41.331Z", "groups": [], "user_permissions": []}}, {"model": "auth.user", "pk": 4, "fields": {"password": "pbkdf2_sha256$150000$r1B3jzfMzNZm$SjFtQBPUb9rCDdg7X/KHcTqq4QU1Ob/BqPdSoLHcYl4=", "last_login": "2023-04-30T03:58:26.881Z", "is_superuser": false, "username": "KristieChody", "first_name": "KristieChodyMP", "last_name": "KristieChodyMP", "email": "vikasanka@litaga.xyz", "is_staff": false, "is_active": true, "date_joined": "2023-04-30T03:58:25.499Z", "groups": [], "user_permissions": []}}, {"model": "auth.user", "pk": 5, "fields": {"password": "pbkdf2_sha256$150000$cNSxn1BfPRwq$Q4N1VRFBdhrnD8U+JhaT0mhgJLYel0dHCzCt1xf8d3c=", "last_login": "2023-05-10T13:12:47Z", "is_superuser": false, "username": "Ahmad", "first_name": "", "last_name": "", "email": "", "is_staff": true, "is_active": true, "date_joined": "2023-05-10T13:12:47Z", "groups": [], "user_permissions": []}}, {"model": "auth.user", "pk": 6, "fields": {"password": "pbkdf2_sha256$150000$t4orBhVdWbz4$yjeMU4gyhlch0/5R2OH892N2p5F2aQUmecbPJsK5GCg=", "last_login": "2023-05-10T13:17:39.612Z", "is_superuser": false, "username": "Nazarbek", "first_name": "", "last_name": "", "email": "", "is_staff": false, "is_active": true, "date_joined": "2023-05-10T13:17:39.429Z", "groups": [], "user_permissions": []}}, {"model": "auth.user", "pk": 7, "fields": {"password": "pbkdf2_sha256$150000$65XiGjsqXWsH$GYxkk8GaaZA5Mz92Nv0snxSlycqFn5wAB8xqwSg65DA=", "last_login": "2023-05-11T07:44:11.182Z", "is_superuser": false, "username": "Isa", "first_name": "", "last_name": "", "email": "", "is_staff": false, "is_active": true, "date_joined": "2023-05-11T07:44:10.923Z", "groups": [], "user_permissions": []}}, {"model": "auth.user", "pk": 8, "fields": {"password": "pbkdf2_sha256$150000$mElUoZnLcElO$gwG5ASqut7gMwnRzu51Lh+eB2rZraw7WxbmDfm/tSPQ=", "last_login": "2023-05-12T08:51:22.406Z", "is_superuser": false, "username": "Umar", "first_name": "", "last_name": "", "email": "hakimov.umar@mail.ru", "is_staff": false, "is_active": true, "date_joined": "2023-05-12T08:51:22.141Z", "groups": [], "user_permissions": []}}, {"model": "auth.user", "pk": 9, "fields": {"password": "pbkdf2_sha256$150000$xQDvbuxJblSV$RmMcyZWjy6f3jCs6i2GkWkUf9spaM46JupbqhE4HJyQ=", "last_login": "2023-05-15T12:46:12.195Z", "is_superuser": false, "username": "Z.K.", "first_name": "", "last_name": "", "email": "zali_ku@mail.ru", "is_staff": false, "is_active": true, "date_joined": "2023-05-15T12:46:11.977Z", "groups": [], "user_permissions": []}}, {"model": "auth.user", "pk": 10, "fields": {"password": "pbkdf2_sha256$150000$EXFd4ba5xP0L$sOICGgVEX5DPq/Ur3qNdnfcXBfLpyNBJm37dMfdq408=", "last_login": "2023-05-18T08:56:18.109Z", "is_superuser": false, "username": "\u0420\u0430\u043c\u0437\u0430\u043d", "first_name": "", "last_name": "", "email": "bisultanov.ramza@mail.ru", "is_staff": false, "is_active": true, "date_joined": "2023-05-18T08:56:17.880Z", "groups": [], "user_permissions": []}}, {"model": "auth.user", "pk": 11, "fields": {"password": "pbkdf2_sha256$150000$6DWCxyRZHPgn$YjFKSziVJOnKuedSGQNDuMpNtriYPkF5GvlQiRAXNM4=", "last_login": "2023-05-18T10:31:27.340Z", "is_superuser": false, "username": "\u041c\u0430\u043a\u043a\u0430", "first_name": "", "last_name": "", "email": "sers6951@gmail.com", "is_staff": false, "is_active": true, "date_joined": "2023-05-18T10:31:27.201Z", "groups": [], "user_permissions": []}}, {"model": "auth.user", "pk": 12, "fields": {"password": "pbkdf2_sha256$150000$hVE983mahT6X$sQtporZs+GKmQPmGTxQuwTU2cJY6LtWpRJT2BrKwg8c=", "last_login": "2023-05-23T10:53:39.272Z", "is_superuser": false, "username": "I_am_your_angel_91@mail.ru", "first_name": "", "last_name": "", "email": "i_am_your_angel_91@mail.ru", "is_staff": false, "is_active": true, "date_joined": "2023-05-23T10:53:39.099Z", "groups": [], "user_permissions": []}}, {"model": "auth.user", "pk": 13, "fields": {"password": "pbkdf2_sha256$150000$F4PevjCgCdvs$hegeccviU50lh0HXP01tZm5oe/dBRK5jEncpYWCkBBc=", "last_login": "2023-05-24T10:09:49.212Z", "is_superuser": false, "username": "\u0410\u0445\u043c\u0435\u0434", "first_name": "", "last_name": "", "email": "islam.shataev.7008455@mail.ru", "is_staff": false, "is_active": true, "date_joined": "2023-05-24T10:09:49.022Z", "groups": [], "user_permissions": []}}, {"model": "auth.user", "pk": 14, "fields": {"password": "pbkdf2_sha256$150000$d4L5TpKkcWYM$EXXLKzSGB64/Nbmd3r3Qq29t2q8mVe1RMP31oXLcYNY=", "last_login": "2023-05-26T22:36:58.724Z", "is_superuser": false, "username": "\u0420\u0430\u0438\u0441\u0430", "first_name": "", "last_name": "", "email": "lora888abc@icloud.co", "is_staff": false, "is_active": true, "date_joined": "2023-05-26T22:36:58.562Z", "groups": [], "user_permissions": []}}, {"model": "auth.user", "pk": 15, "fields": {"password": "pbkdf2_sha256$150000$PLqBhxMF4H9q$znOwiaCpjrTBE2mO+JaXvijeJAW7YRnjk+hBQiVghl4=", "last_login": "2023-05-31T05:56:38.845Z", "is_superuser": false, "username": "\u042d\u043b\u044c\u043c\u0438\u0440\u0430", "first_name": "", "last_name": "", "email": "elmiragereeva1993@icloud.com", "is_staff": false, "is_active": true, "date_joined": "2023-05-31T05:56:38.613Z", "groups": [], "user_permissions": []}}, {"model": "auth.user", "pk": 16, "fields": {"password": "pbkdf2_sha256$150000$dK73DKN2Cams$W69tRMlABRQm1vUXXD0gHqAowuYVotANfdtzw4jQJd4=", "last_login": "2023-06-02T06:05:03.116Z", "is_superuser": false, "username": "\u0422\u0443\u0440\u043f\u0430\u043b\u0445\u0430\u043d\u043e\u0432", "first_name": "", "last_name": "", "email": "ibra.95.argun@gmail.com", "is_staff": false, "is_active": true, "date_joined": "2023-06-02T06:05:02.593Z", "groups": [], "user_permissions": []}}, {"model": "personnels.rating", "pk": 9, "fields": {"persona": 15, "author": 9, "score": 5}}, {"model": "personnels.comment", "pk": 2, "fields": {"persona": 1, "author": 6, "text": "\u0425\u043e\u0440\u043e\u0448\u0438\u0439 \u0432\u0440\u0430\u0447", "created": "2023-05-10T13:18:20.891Z"}}, {"model": "personnels.comment", "pk": 3, "fields": {"persona": 4, "author": 1, "text": "\u0421\u0438\u043b\u044c\u043d\u0435\u0439\u0448\u0438\u0439 \u043e\u043d\u043a\u043e\u043b\u043e\u0433-\u043f\u0443\u043b\u044c\u043c\u043e\u043d\u043e\u043b\u043e\u0433.", "created": "2023-05-11T07:35:01.433Z"}}, {"model": "personnels.comment", "pk": 4, "fields": {"persona": 7, "author": 12, "text": "\u041e\u0447\u0435\u043d\u044c \u0433\u0440\u0443\u0431\u0430\u044f \u0436\u0435\u043d\u0449\u0438\u043d\u0430!", "created": "2023-05-23T10:54:36.758Z"}}, {"model": "admin.logentry", "pk": 1, "fields": {"action_time": "2023-04-24T16:40:22.824Z", "user": 1, "content_type": 9, "object_id": "1", "object_repr": "\u041f\u043e\u043b\u0438\u043a\u043b\u0438\u043d\u0438\u043a\u0430", "action_flag": 1, "change_message": "[{\"added\": {}}]"}}, {"model": "admin.logentry", "pk": 2, "fields": {"action_time": "2023-04-24T16:41:01.272Z", "user": 1, "content_type": 11, "object_id": "1", "object_repr": "\u0432\u0440\u0430\u0447-\u043e\u043d\u043a\u043e\u043b\u043e\u0433", "action_flag": 1, "change_message": "[{\"added\": {}}]"}}, {"model": "admin.logentry", "pk": 3, "fields": {"action_time": "2023-04-24T16:41:11.439Z", "user": 1, "content_type": 10, "object_id": "1", "object_repr": "\u0425\u0435\u0434\u0430 \u0412\u0438\u0442\u0430\u0435\u0432\u0430", "action_flag": 1, "change_message": "[{\"added\": {}}]"}}, {"model": "admin.logentry", "pk": 4, "fields": {"action_time": "2023-04-24T17:33:15.201Z", "user": 1, "content_type": 13, "object_id": "3", "object_repr": "\u0421\u043e\u0442\u0440\u0443\u043d\u0438\u043a: \u0425\u0435\u0434\u0430 \u0412\u0438\u0442\u0430\u0435\u0432\u0430 \u041e\u0446\u0435\u043d\u043a\u0430: 3 \u0410\u0432\u0442\u043e\u0440: testing", "action_flag": 3, "change_message": ""}}, {"model": "admin.logentry", "pk": 5, "fields": {"action_time": "2023-04-24T17:33:15.204Z", "user": 1, "content_type": 13, "object_id": "2", "object_repr": "\u0421\u043e\u0442\u0440\u0443\u043d\u0438\u043a: \u0425\u0435\u0434\u0430 \u0412\u0438\u0442\u0430\u0435\u0432\u0430 \u041e\u0446\u0435\u043d\u043a\u0430: 5 \u0410\u0432\u0442\u043e\u0440: test", "action_flag": 3, "change_message": ""}}, {"model": "admin.logentry", "pk": 6, "fields": {"action_time": "2023-04-24T17:33:15.206Z", "user": 1, "content_type": 13, "object_id": "1", "object_repr": "\u0421\u043e\u0442\u0440\u0443\u043d\u0438\u043a: \u0425\u0435\u0434\u0430 \u0412\u0438\u0442\u0430\u0435\u0432\u0430 \u041e\u0446\u0435\u043d\u043a\u0430: 4 \u0410\u0432\u0442\u043e\u0440: sirius", "action_flag": 3, "change_message": ""}}, {"model": "admin.logentry", "pk": 7, "fields": {"action_time": "2023-04-24T22:09:12.729Z", "user": 1, "content_type": 10, "object_id": "2", "object_repr": "\u0418\u0437\u0440\u0430\u0438\u043b \u0414\u0436\u0430\u0431\u0440\u0430\u0438\u043b\u043e\u0432", "action_flag": 1, "change_message": "[{\"added\": {}}]"}}, {"model": "admin.logentry", "pk": 8, "fields": {"action_time": "2023-04-24T22:09:57.593Z", "user": 1, "content_type": 10, "object_id": "3", "object_repr": "\u041a\u043e\u043a\u0430 \u0417\u0430\u0439\u043f\u0443\u043b\u0430\u0435\u0432\u0430", "action_flag": 1, "change_message": "[{\"added\": {}}]"}}, {"model": "admin.logentry", "pk": 9, "fields": {"action_time": "2023-04-24T22:10:39.443Z", "user": 1, "content_type": 10, "object_id": "4", "object_repr": "\u0417\u0430\u0443\u0440\u0431\u0435\u043a \u0418\u0441\u043c\u0430\u0438\u043b\u043e\u0432", "action_flag": 1, "change_message": "[{\"added\": {}}]"}}, {"model": "admin.logentry", "pk": 10, "fields": {"action_time": "2023-04-24T22:11:45.611Z", "user": 1, "content_type": 10, "object_id": "5", "object_repr": "\u0410\u0445\u043c\u0435\u0434 \u0421\u043e\u043b\u0442\u0430\u043c\u0443\u0440\u0430\u0434\u043e\u0432", "action_flag": 1, "change_message": "[{\"added\": {}}]"}}, {"model": "admin.logentry", "pk": 11, "fields": {"action_time": "2023-04-24T22:12:27.251Z", "user": 1, "content_type": 10, "object_id": "6", "object_repr": "\u0425\u0438\u0437\u0438\u0440 \u0421\u043e\u043b\u0442\u0430\u043c\u0443\u0440\u0430\u0434\u043e\u0432", "action_flag": 1, "change_message": "[{\"added\": {}}]"}}, {"model": "admin.logentry", "pk": 12, "fields": {"action_time": "2023-04-24T22:13:04.148Z", "user": 1, "content_type": 10, "object_id": "7", "object_repr": "\u0420\u0430\u0437\u0438\u0442\u0430 \u0422\u0430\u0439\u0441\u0443\u043c\u043e\u0432\u0430", "action_flag": 1, "change_message": "[{\"added\": {}}]"}}, {"model": "admin.logentry", "pk": 13, "fields": {"action_time": "2023-04-24T22:13:41.128Z", "user": 1, "content_type": 10, "object_id": "8", "object_repr": "\u041c\u0430\u0434\u0438\u043d\u0430 \u0423\u0441\u043c\u0430\u043d\u043e\u0432\u0430", "action_flag": 1, "change_message": "[{\"added\": {}}]"}}, {"model": "admin.logentry", "pk": 14, "fields": {"action_time": "2023-04-24T22:14:27.868Z", "user": 1, "content_type": 10, "object_id": "9", "object_repr": "\u041a\u0430\u043c\u0435\u0442\u0430 \u0425\u0430\u0434\u0438\u0441\u043e\u0432\u0430", "action_flag": 1, "change_message": "[{\"added\": {}}]"}}, {"model": "admin.logentry", "pk": 15, "fields": {"action_time": "2023-04-24T22:15:17.182Z", "user": 1, "content_type": 10, "object_id": "10", "object_repr": "\u041c\u0430\u043a\u043a\u0430 \u0425\u0430\u0434\u0438\u0441\u043e\u0432\u0430", "action_flag": 1, "change_message": "[{\"added\": {}}]"}}, {"model": "admin.logentry", "pk": 16, "fields": {"action_time": "2023-04-25T10:55:31.601Z", "user": 1, "content_type": 13, "object_id": "4", "object_repr": "\u0421\u043e\u0442\u0440\u0443\u043d\u0438\u043a: \u0425\u0435\u0434\u0430 \u0412\u0438\u0442\u0430\u0435\u0432\u0430 \u041e\u0446\u0435\u043d\u043a\u0430: 4 \u0410\u0432\u0442\u043e\u0440: sirius", "action_flag": 3, "change_message": ""}}, {"model": "admin.logentry", "pk": 17, "fields": {"action_time": "2023-04-25T10:55:47.013Z", "user": 1, "content_type": 14, "object_id": "2", "object_repr": "\u041a\u043e\u043c\u043c\u0435\u043d\u0442\u0430\u0440\u0438\u0439: tset \u043d\u0430 \u0425\u0435\u0434\u0430 \u0412\u0438\u0442\u0430\u0435\u0432\u0430, \u0430\u0432\u0442\u043e\u0440: sirius, 2023-04-25 10:50:26.037663+00:00", "action_flag": 3, "change_message": ""}}, {"model": "admin.logentry", "pk": 18, "fields": {"action_time": "2023-04-25T10:55:47.016Z", "user": 1, "content_type": 14, "object_id": "1", "object_repr": "\u041a\u043e\u043c\u043c\u0435\u043d\u0442\u0430\u0440\u0438\u0439: test \u043d\u0430 \u0425\u0435\u0434\u0430 \u0412\u0438\u0442\u0430\u0435\u0432\u0430, \u0430\u0432\u0442\u043e\u0440: testing, 2023-04-24 17:04:52.738253+00:00", "action_flag": 3, "change_message": ""}}, {"model": "admin.logentry", "pk": 19, "fields": {"action_time": "2023-04-25T11:03:50.476Z", "user": 1, "content_type": 13, "object_id": "4", "object_repr": "\u0421\u043e\u0442\u0440\u0443\u043d\u0438\u043a: \u0425\u0435\u0434\u0430 \u0412\u0438\u0442\u0430\u0435\u0432\u0430 \u041e\u0446\u0435\u043d\u043a\u0430: 5 \u0410\u0432\u0442\u043e\u0440: sirius", "action_flag": 3, "change_message": ""}}, {"model": "admin.logentry", "pk": 20, "fields": {"action_time": "2023-04-25T11:21:01.829Z", "user": 1, "content_type": 13, "object_id": "4", "object_repr": "\u0421\u043e\u0442\u0440\u0443\u043d\u0438\u043a: \u0425\u0435\u0434\u0430 \u0412\u0438\u0442\u0430\u0435\u0432\u0430 \u041e\u0446\u0435\u043d\u043a\u0430: 5 \u0410\u0432\u0442\u043e\u0440: sirius", "action_flag": 3, "change_message": ""}}, {"model": "admin.logentry", "pk": 21, "fields": {"action_time": "2023-04-25T11:21:08.960Z", "user": 1, "content_type": 14, "object_id": "2", "object_repr": "\u041a\u043e\u043c\u043c\u0435\u043d\u0442\u0430\u0440\u0438\u0439: test \u043d\u0430 \u0425\u0435\u0434\u0430 \u0412\u0438\u0442\u0430\u0435\u0432\u0430, \u0430\u0432\u0442\u043e\u0440: sirius, 2023-04-25 11:02:55.932273+00:00", "action_flag": 3, "change_message": ""}}, {"model": "admin.logentry", "pk": 22, "fields": {"action_time": "2023-04-25T11:21:45.565Z", "user": 1, "content_type": 14, "object_id": "2", "object_repr": "\u041a\u043e\u043c\u043c\u0435\u043d\u0442\u0430\u0440\u0438\u0439: test \u043d\u0430 \u0425\u0435\u0434\u0430 \u0412\u0438\u0442\u0430\u0435\u0432\u0430, \u0430\u0432\u0442\u043e\u0440: sirius, 2023-04-25 11:02:55.932273+00:00", "action_flag": 3, "change_message": ""}}, {"model": "admin.logentry", "pk": 23, "fields": {"action_time": "2023-04-25T11:21:52.948Z", "user": 1, "content_type": 13, "object_id": "4", "object_repr": "\u0421\u043e\u0442\u0440\u0443\u043d\u0438\u043a: \u0425\u0435\u0434\u0430 \u0412\u0438\u0442\u0430\u0435\u0432\u0430 \u041e\u0446\u0435\u043d\u043a\u0430: 5 \u0410\u0432\u0442\u043e\u0440: sirius", "action_flag": 3, "change_message": ""}}, {"model": "admin.logentry", "pk": 24, "fields": {"action_time": "2023-04-26T08:06:48.253Z", "user": 1, "content_type": 10, "object_id": "1", "object_repr": "\u0425\u0435\u0434\u0430 \u0412\u0438\u0442\u0430\u0435\u0432\u0430", "action_flag": 2, "change_message": "[{\"changed\": {\"fields\": [\"persona_code\"]}}]"}}, {"model": "admin.logentry", "pk": 25, "fields": {"action_time": "2023-04-26T08:08:00.007Z", "user": 1, "content_type": 13, "object_id": "5", "object_repr": "\u0421\u043e\u0442\u0440\u0443\u043d\u0438\u043a: \u0425\u0435\u0434\u0430 \u0412\u0438\u0442\u0430\u0435\u0432\u0430 \u041e\u0446\u0435\u043d\u043a\u0430: 5 \u0410\u0432\u0442\u043e\u0440: sirius", "action_flag": 3, "change_message": ""}}, {"model": "admin.logentry", "pk": 26, "fields": {"action_time": "2023-04-26T08:08:08.872Z", "user": 1, "content_type": 14, "object_id": "3", "object_repr": "\u041a\u043e\u043c\u043c\u0435\u043d\u0442\u0430\u0440\u0438\u0439: Test comments \u043d\u0430 \u0425\u0435\u0434\u0430 \u0412\u0438\u0442\u0430\u0435\u0432\u0430, \u0430\u0432\u0442\u043e\u0440: sirius, 2023-04-26 08:07:47.188605+00:00", "action_flag": 3, "change_message": ""}}, {"model": "admin.logentry", "pk": 27, "fields": {"action_time": "2023-05-10T10:34:30.482Z", "user": 1, "content_type": 16, "object_id": "1", "object_repr": "\u041b\u0438\u0446\u0435\u043d\u0437\u0438\u044f \u043d\u0430 \u043e\u0441\u0443\u0449\u0435\u0441\u0442\u0432\u043b\u0435\u043d\u0438\u0435 \u043c\u0435\u0434\u0438\u0446\u0438\u043d\u0441\u043a\u043e\u0439 \u0434\u0435\u044f\u0442\u0435\u043b\u044c\u043d\u043e\u0441\u0442\u0438", "action_flag": 3, "change_message": ""}}, {"model": "admin.logentry", "pk": 28, "fields": {"action_time": "2023-05-10T10:34:53.597Z", "user": 1, "content_type": 16, "object_id": "4", "object_repr": "\u041b\u0438\u0446\u0435\u043d\u0437\u0438\u044f \u043d\u0430 \u043e\u0441\u0443\u0449\u0435\u0441\u0442\u0432\u043b\u0435\u043d\u0438\u0435 \u043c\u0435\u0434\u0438\u0446\u0438\u043d\u0441\u043a\u043e\u0439 \u0434\u0435\u044f\u0442\u0435\u043b\u044c\u043d\u043e\u0441\u0442\u0438", "action_flag": 1, "change_message": "[{\"added\": {}}]"}}, {"model": "admin.logentry", "pk": 29, "fields": {"action_time": "2023-05-10T10:35:45.375Z", "user": 1, "content_type": 16, "object_id": "3", "object_repr": "\u041b\u0438\u0446\u0435\u043d\u0437\u0438\u044f \u0434\u0435\u044f\u0442\u0435\u043b\u044c\u043d\u043e\u0441\u0442\u0438 \u043f\u043e \u043e\u0431\u043e\u0440\u043e\u0442\u0443 \u043d\u0430\u0440\u043a\u043e\u0442\u0438\u0447\u0435\u0441\u043a\u0438\u0445 \u0441\u0440\u0435\u0434\u0441\u0442\u0432", "action_flag": 2, "change_message": "[{\"changed\": {\"fields\": [\"file\"]}}]"}}, {"model": "admin.logentry", "pk": 30, "fields": {"action_time": "2023-05-10T13:06:35.609Z", "user": 1, "content_type": 16, "object_id": "3", "object_repr": "\u041b\u0438\u0446\u0435\u043d\u0437\u0438\u044f \u0434\u0435\u044f\u0442\u0435\u043b\u044c\u043d\u043e\u0441\u0442\u0438 \u043f\u043e \u043e\u0431\u043e\u0440\u043e\u0442\u0443 \u043d\u0430\u0440\u043a\u043e\u0442\u0438\u0447\u0435\u0441\u043a\u0438\u0445 \u0441\u0440\u0435\u0434\u0441\u0442\u0432", "action_flag": 2, "change_message": "[{\"changed\": {\"fields\": [\"file\"]}}]"}}, {"model": "admin.logentry", "pk": 31, "fields": {"action_time": "2023-05-10T13:06:46.325Z", "user": 1, "content_type": 16, "object_id": "4", "object_repr": "\u041b\u0438\u0446\u0435\u043d\u0437\u0438\u044f \u043d\u0430 \u043e\u0441\u0443\u0449\u0435\u0441\u0442\u0432\u043b\u0435\u043d\u0438\u0435 \u043c\u0435\u0434\u0438\u0446\u0438\u043d\u0441\u043a\u043e\u0439 \u0434\u0435\u044f\u0442\u0435\u043b\u044c\u043d\u043e\u0441\u0442\u0438", "action_flag": 2, "change_message": "[{\"changed\": {\"fields\": [\"file\"]}}]"}}, {"model": "admin.logentry", "pk": 32, "fields": {"action_time": "2023-05-10T13:10:01.307Z", "user": 1, "content_type": 16, "object_id": "2", "object_repr": "\u041b\u0438\u0446\u0435\u043d\u0437\u0438\u044f \u043d\u0430 \u0444\u0430\u0440\u043c\u0430\u0446\u0435\u0432\u0442\u0438\u0447\u0435\u0441\u043a\u0443\u044e \u0434\u0435\u044f\u0442\u0435\u043b\u044c\u043d\u043e\u0441\u0442\u044c", "action_flag": 2, "change_message": "[{\"changed\": {\"fields\": [\"file\"]}}]"}}, {"model": "admin.logentry", "pk": 33, "fields": {"action_time": "2023-05-10T13:30:22.782Z", "user": 1, "content_type": 13, "object_id": "5", "object_repr": "\u0421\u043e\u0442\u0440\u0443\u043d\u0438\u043a: \u0425\u0435\u0434\u0430 \u0412\u0438\u0442\u0430\u0435\u0432\u0430 \u041e\u0446\u0435\u043d\u043a\u0430: 4 \u0410\u0432\u0442\u043e\u0440: Nazarbek", "action_flag": 3, "change_message": ""}}, {"model": "admin.logentry", "pk": 34, "fields": {"action_time": "2023-05-10T13:30:22.785Z", "user": 1, "content_type": 13, "object_id": "4", "object_repr": "\u0421\u043e\u0442\u0440\u0443\u043d\u0438\u043a: \u0425\u0435\u0434\u0430 \u0412\u0438\u0442\u0430\u0435\u0432\u0430 \u041e\u0446\u0435\u043d\u043a\u0430: 5 \u0410\u0432\u0442\u043e\u0440: Ahmad", "action_flag": 3, "change_message": ""}}, {"model": "admin.logentry", "pk": 35, "fields": {"action_time": "2023-05-11T06:38:10.100Z", "user": 1, "content_type": 4, "object_id": "5", "object_repr": "Ahmad", "action_flag": 2, "change_message": "[{\"changed\": {\"fields\": [\"is_staff\"]}}]"}}, {"model": "admin.logentry", "pk": 36, "fields": {"action_time": "2023-05-11T06:43:58.779Z", "user": 1, "content_type": 16, "object_id": "4", "object_repr": "\u041b\u0438\u0446\u0435\u043d\u0437\u0438\u044f \u043d\u0430 \u043e\u0441\u0443\u0449\u0435\u0441\u0442\u0432\u043b\u0435\u043d\u0438\u0435 \u043c\u0435\u0434\u0438\u0446\u0438\u043d\u0441\u043a\u043e\u0439 \u0434\u0435\u044f\u0442\u0435\u043b\u044c\u043d\u043e\u0441\u0442\u0438", "action_flag": 2, "change_message": "[{\"changed\": {\"fields\": [\"file\"]}}]"}}, {"model": "admin.logentry", "pk": 37, "fields": {"action_time": "2023-05-11T06:44:16.602Z", "user": 1, "content_type": 16, "object_id": "3", "object_repr": "\u041b\u0438\u0446\u0435\u043d\u0437\u0438\u044f \u0434\u0435\u044f\u0442\u0435\u043b\u044c\u043d\u043e\u0441\u0442\u0438 \u043f\u043e \u043e\u0431\u043e\u0440\u043e\u0442\u0443 \u043d\u0430\u0440\u043a\u043e\u0442\u0438\u0447\u0435\u0441\u043a\u0438\u0445 \u0441\u0440\u0435\u0434\u0441\u0442\u0432", "action_flag": 2, "change_message": "[{\"changed\": {\"fields\": [\"file\"]}}]"}}, {"model": "admin.logentry", "pk": 38, "fields": {"action_time": "2023-05-11T06:44:23.980Z", "user": 1, "content_type": 16, "object_id": "2", "object_repr": "\u041b\u0438\u0446\u0435\u043d\u0437\u0438\u044f \u043d\u0430 \u0444\u0430\u0440\u043c\u0430\u0446\u0435\u0432\u0442\u0438\u0447\u0435\u0441\u043a\u0443\u044e \u0434\u0435\u044f\u0442\u0435\u043b\u044c\u043d\u043e\u0441\u0442\u044c", "action_flag": 2, "change_message": "[{\"changed\": {\"fields\": [\"file\"]}}]"}}, {"model": "admin.logentry", "pk": 39, "fields": {"action_time": "2023-05-11T06:46:42.946Z", "user": 1, "content_type": 10, "object_id": "1", "object_repr": "\u0425\u0435\u0434\u0430 \u0412\u0438\u0442\u0430\u0435\u0432\u0430", "action_flag": 2, "change_message": "[{\"changed\": {\"fields\": [\"persona_code\"]}}]"}}, {"model": "admin.logentry", "pk": 40, "fields": {"action_time": "2023-05-11T06:47:16.751Z", "user": 1, "content_type": 10, "object_id": "1", "object_repr": "\u0425\u0435\u0434\u0438 \u0412\u0438\u0442\u0430\u0435\u0432\u0430", "action_flag": 2, "change_message": "[{\"changed\": {\"fields\": [\"first_name\"]}}]"}}, {"model": "admin.logentry", "pk": 41, "fields": {"action_time": "2023-05-11T06:48:54.869Z", "user": 1, "content_type": 10, "object_id": "4", "object_repr": "\u0417\u0430\u0443\u0440\u0431\u0435\u043a \u0418\u0441\u043c\u0430\u0438\u043b\u043e\u0432", "action_flag": 2, "change_message": "[{\"changed\": {\"fields\": [\"persona_code\"]}}]"}}, {"model": "admin.logentry", "pk": 42, "fields": {"action_time": "2023-05-11T06:49:06.046Z", "user": 1, "content_type": 10, "object_id": "2", "object_repr": "\u0418\u0437\u0440\u0430\u0438\u043b \u0414\u0436\u0430\u0431\u0440\u0430\u0438\u043b\u043e\u0432", "action_flag": 2, "change_message": "[{\"changed\": {\"fields\": [\"persona_code\"]}}]"}}, {"model": "admin.logentry", "pk": 43, "fields": {"action_time": "2023-05-11T06:53:18.899Z", "user": 1, "content_type": 10, "object_id": "3", "object_repr": "\u041a\u043e\u043a\u0430 \u0417\u0430\u0439\u043f\u0443\u043b\u0430\u0435\u0432\u0430", "action_flag": 2, "change_message": "[{\"changed\": {\"fields\": [\"persona_code\"]}}]"}}, {"model": "admin.logentry", "pk": 44, "fields": {"action_time": "2023-05-11T06:53:32.546Z", "user": 1, "content_type": 10, "object_id": "5", "object_repr": "\u0410\u0445\u043c\u0435\u0434 \u0421\u043e\u043b\u0442\u0430\u043c\u0443\u0440\u0430\u0434\u043e\u0432", "action_flag": 2, "change_message": "[{\"changed\": {\"fields\": [\"persona_code\"]}}]"}}, {"model": "admin.logentry", "pk": 45, "fields": {"action_time": "2023-05-11T06:53:45.246Z", "user": 1, "content_type": 10, "object_id": "6", "object_repr": "\u0425\u0438\u0437\u0438\u0440 \u0421\u043e\u043b\u0442\u0430\u043c\u0443\u0440\u0430\u0434\u043e\u0432", "action_flag": 2, "change_message": "[{\"changed\": {\"fields\": [\"persona_code\"]}}]"}}, {"model": "admin.logentry", "pk": 46, "fields": {"action_time": "2023-05-11T06:55:00.445Z", "user": 1, "content_type": 10, "object_id": "6", "object_repr": "\u0425\u0438\u0437\u0438\u0440 \u0421\u043e\u043b\u0442\u0430\u043c\u0443\u0440\u0430\u0434\u043e\u0432", "action_flag": 2, "change_message": "[]"}}, {"model": "admin.logentry", "pk": 47, "fields": {"action_time": "2023-05-11T06:55:18.991Z", "user": 1, "content_type": 10, "object_id": "7", "object_repr": "\u0420\u0430\u0437\u0438\u0442\u0430 \u0422\u0430\u0439\u0441\u0443\u043c\u043e\u0432\u0430", "action_flag": 2, "change_message": "[{\"changed\": {\"fields\": [\"persona_code\"]}}]"}}, {"model": "admin.logentry", "pk": 48, "fields": {"action_time": "2023-05-11T06:55:30.833Z", "user": 1, "content_type": 10, "object_id": "7", "object_repr": "\u0420\u0430\u0437\u0438\u0442\u0430 \u0422\u0430\u0439\u0441\u0443\u043c\u043e\u0432\u0430", "action_flag": 2, "change_message": "[]"}}, {"model": "admin.logentry", "pk": 49, "fields": {"action_time": "2023-05-11T06:56:18.358Z", "user": 1, "content_type": 10, "object_id": "8", "object_repr": "\u041c\u0430\u0434\u0438\u043d\u0430 \u0423\u0441\u043c\u0430\u043d\u043e\u0432\u0430", "action_flag": 2, "change_message": "[{\"changed\": {\"fields\": [\"persona_code\"]}}]"}}, {"model": "admin.logentry", "pk": 50, "fields": {"action_time": "2023-05-11T07:00:05.689Z", "user": 1, "content_type": 10, "object_id": "8", "object_repr": "\u041c\u0430\u0434\u0438\u043d\u0430 \u0423\u0441\u043c\u0430\u043d\u043e\u0432\u0430", "action_flag": 2, "change_message": "[{\"changed\": {\"fields\": [\"persona_code\"]}}]"}}, {"model": "admin.logentry", "pk": 51, "fields": {"action_time": "2023-05-11T07:00:27.747Z", "user": 1, "content_type": 10, "object_id": "9", "object_repr": "\u041a\u0430\u043c\u0435\u0442\u0430 \u0425\u0430\u0434\u0438\u0441\u043e\u0432\u0430", "action_flag": 2, "change_message": "[{\"changed\": {\"fields\": [\"persona_code\"]}}]"}}, {"model": "admin.logentry", "pk": 52, "fields": {"action_time": "2023-05-11T07:21:15.497Z", "user": 1, "content_type": 10, "object_id": "1", "object_repr": "\u0425\u0435\u0434\u0438 \u0412\u0438\u0442\u0430\u0435\u0432\u0430", "action_flag": 2, "change_message": "[{\"changed\": {\"fields\": [\"published\"]}}]"}}, {"model": "admin.logentry", "pk": 53, "fields": {"action_time": "2023-05-11T07:21:20.166Z", "user": 1, "content_type": 10, "object_id": "2", "object_repr": "\u0418\u0437\u0440\u0430\u0438\u043b \u0414\u0436\u0430\u0431\u0440\u0430\u0438\u043b\u043e\u0432", "action_flag": 2, "change_message": "[{\"changed\": {\"fields\": [\"published\"]}}]"}}, {"model": "admin.logentry", "pk": 54, "fields": {"action_time": "2023-05-11T07:21:24.588Z", "user": 1, "content_type": 10, "object_id": "3", "object_repr": "\u041a\u043e\u043a\u0430 \u0417\u0430\u0439\u043f\u0443\u043b\u0430\u0435\u0432\u0430", "action_flag": 2, "change_message": "[{\"changed\": {\"fields\": [\"published\"]}}]"}}, {"model": "admin.logentry", "pk": 55, "fields": {"action_time": "2023-05-11T07:21:29.597Z", "user": 1, "content_type": 10, "object_id": "3", "object_repr": "\u041a\u043e\u043a\u0430 \u0417\u0430\u0439\u043f\u0443\u043b\u0430\u0435\u0432\u0430", "action_flag": 2, "change_message": "[]"}}, {"model": "admin.logentry", "pk": 56, "fields": {"action_time": "2023-05-11T07:21:34.061Z", "user": 1, "content_type": 10, "object_id": "4", "object_repr": "\u0417\u0430\u0443\u0440\u0431\u0435\u043a \u0418\u0441\u043c\u0430\u0438\u043b\u043e\u0432", "action_flag": 2, "change_message": "[{\"changed\": {\"fields\": [\"published\"]}}]"}}, {"model": "admin.logentry", "pk": 57, "fields": {"action_time": "2023-05-11T07:21:38.239Z", "user": 1, "content_type": 10, "object_id": "5", "object_repr": "\u0410\u0445\u043c\u0435\u0434 \u0421\u043e\u043b\u0442\u0430\u043c\u0443\u0440\u0430\u0434\u043e\u0432", "action_flag": 2, "change_message": "[{\"changed\": {\"fields\": [\"published\"]}}]"}}, {"model": "admin.logentry", "pk": 58, "fields": {"action_time": "2023-05-11T07:21:41.629Z", "user": 1, "content_type": 10, "object_id": "4", "object_repr": "\u0417\u0430\u0443\u0440\u0431\u0435\u043a \u0418\u0441\u043c\u0430\u0438\u043b\u043e\u0432", "action_flag": 2, "change_message": "[]"}}, {"model": "admin.logentry", "pk": 59, "fields": {"action_time": "2023-05-11T07:21:45.232Z", "user": 1, "content_type": 10, "object_id": "5", "object_repr": "\u0410\u0445\u043c\u0435\u0434 \u0421\u043e\u043b\u0442\u0430\u043c\u0443\u0440\u0430\u0434\u043e\u0432", "action_flag": 2, "change_message": "[]"}}, {"model": "admin.logentry", "pk": 60, "fields": {"action_time": "2023-05-11T07:21:49.426Z", "user": 1, "content_type": 10, "object_id": "6", "object_repr": "\u0425\u0438\u0437\u0438\u0440 \u0421\u043e\u043b\u0442\u0430\u043c\u0443\u0440\u0430\u0434\u043e\u0432", "action_flag": 2, "change_message": "[{\"changed\": {\"fields\": [\"published\"]}}]"}}, {"model": "admin.logentry", "pk": 61, "fields": {"action_time": "2023-05-11T07:21:53.826Z", "user": 1, "content_type": 10, "object_id": "7", "object_repr": "\u0420\u0430\u0437\u0438\u0442\u0430 \u0422\u0430\u0439\u0441\u0443\u043c\u043e\u0432\u0430", "action_flag": 2, "change_message": "[{\"changed\": {\"fields\": [\"published\"]}}]"}}, {"model": "admin.logentry", "pk": 62, "fields": {"action_time": "2023-05-11T07:21:58.249Z", "user": 1, "content_type": 10, "object_id": "8", "object_repr": "\u041c\u0430\u0434\u0438\u043d\u0430 \u0423\u0441\u043c\u0430\u043d\u043e\u0432\u0430", "action_flag": 2, "change_message": "[{\"changed\": {\"fields\": [\"published\"]}}]"}}, {"model": "admin.logentry", "pk": 63, "fields": {"action_time": "2023-05-11T07:22:01.563Z", "user": 1, "content_type": 10, "object_id": "8", "object_repr": "\u041c\u0430\u0434\u0438\u043d\u0430 \u0423\u0441\u043c\u0430\u043d\u043e\u0432\u0430", "action_flag": 2, "change_message": "[]"}}, {"model": "admin.logentry", "pk": 64, "fields": {"action_time": "2023-05-11T07:22:04.630Z", "user": 1, "content_type": 10, "object_id": "7", "object_repr": "\u0420\u0430\u0437\u0438\u0442\u0430 \u0422\u0430\u0439\u0441\u0443\u043c\u043e\u0432\u0430", "action_flag": 2, "change_message": "[]"}}, {"model": "admin.logentry", "pk": 65, "fields": {"action_time": "2023-05-11T07:22:08.238Z", "user": 1, "content_type": 10, "object_id": "9", "object_repr": "\u041a\u0430\u043c\u0435\u0442\u0430 \u0425\u0430\u0434\u0438\u0441\u043e\u0432\u0430", "action_flag": 2, "change_message": "[{\"changed\": {\"fields\": [\"published\"]}}]"}}, {"model": "admin.logentry", "pk": 66, "fields": {"action_time": "2023-05-11T07:23:37.446Z", "user": 1, "content_type": 10, "object_id": "11", "object_repr": "\u041c\u0430\u0434\u0438\u043d\u0430 \u0422\u0430\u0442\u0430\u0435\u0432\u0430", "action_flag": 1, "change_message": "[{\"added\": {}}]"}}, {"model": "admin.logentry", "pk": 67, "fields": {"action_time": "2023-05-11T07:26:52.298Z", "user": 1, "content_type": 10, "object_id": "1", "object_repr": "\u0425\u0435\u0434\u0438 \u0412\u0438\u0442\u0430\u0435\u0432\u0430", "action_flag": 2, "change_message": "[{\"changed\": {\"fields\": [\"published\"]}}]"}}, {"model": "admin.logentry", "pk": 68, "fields": {"action_time": "2023-05-11T07:27:41.350Z", "user": 1, "content_type": 10, "object_id": "1", "object_repr": "\u0425\u0435\u0434\u0438 \u0412\u0438\u0442\u0430\u0435\u0432\u0430", "action_flag": 2, "change_message": "[{\"changed\": {\"fields\": [\"published\"]}}]"}}, {"model": "admin.logentry", "pk": 69, "fields": {"action_time": "2023-05-11T08:26:06.595Z", "user": 1, "content_type": 9, "object_id": "2", "object_repr": "\u0426\u0410\u041e\u041f", "action_flag": 1, "change_message": "[{\"added\": {}}]"}}, {"model": "admin.logentry", "pk": 70, "fields": {"action_time": "2023-05-11T08:29:53.220Z", "user": 1, "content_type": 10, "object_id": "12", "object_repr": "\u0414\u043e\u043a\u0430\u0435\u0432 \u0418\u0441\u043b\u0430\u043c", "action_flag": 1, "change_message": "[{\"added\": {}}]"}}, {"model": "admin.logentry", "pk": 71, "fields": {"action_time": "2023-05-11T08:31:54.486Z", "user": 1, "content_type": 10, "object_id": "13", "object_repr": "\u0411\u0430\u0446\u0430\u0435\u0432\u0430 \u0425\u0435\u0434\u0430", "action_flag": 1, "change_message": "[{\"added\": {}}]"}}, {"model": "admin.logentry", "pk": 72, "fields": {"action_time": "2023-05-11T08:33:25.395Z", "user": 1, "content_type": 10, "object_id": "14", "object_repr": "\u0422\u0430\u0442\u0430\u0435\u0432\u0430 \u041c\u0430\u0434\u0438\u043d\u0430", "action_flag": 1, "change_message": "[{\"added\": {}}]"}}, {"model": "admin.logentry", "pk": 73, "fields": {"action_time": "2023-05-11T08:34:29.750Z", "user": 1, "content_type": 10, "object_id": "15", "object_repr": "\u041a\u0443\u043d\u0442\u0430\u0435\u0432\u0430 \u0417\u0430\u043b\u0438\u043d\u0430", "action_flag": 1, "change_message": "[{\"added\": {}}]"}}, {"model": "admin.logentry", "pk": 74, "fields": {"action_time": "2023-05-11T08:34:51.750Z", "user": 1, "content_type": 10, "object_id": "15", "object_repr": "\u041a\u0443\u043d\u0442\u0430\u0435\u0432\u0430 \u0417\u0430\u043b\u0438\u043d\u0430", "action_flag": 2, "change_message": "[]"}}, {"model": "admin.logentry", "pk": 75, "fields": {"action_time": "2023-05-11T08:35:40.551Z", "user": 1, "content_type": 10, "object_id": "15", "object_repr": "\u0417\u0430\u043b\u0438\u043d\u0430 \u041a\u0443\u043d\u0442\u0430\u0435\u0432\u0430", "action_flag": 2, "change_message": "[{\"changed\": {\"fields\": [\"first_name\", \"last_name\"]}}]"}}, {"model": "admin.logentry", "pk": 76, "fields": {"action_time": "2023-05-11T08:35:57.175Z", "user": 1, "content_type": 10, "object_id": "14", "object_repr": "\u041c\u0430\u0434\u0438\u043d\u0430 \u0422\u0430\u0442\u0430\u0435\u0432\u0430", "action_flag": 2, "change_message": "[{\"changed\": {\"fields\": [\"first_name\", \"last_name\"]}}]"}}, {"model": "admin.logentry", "pk": 77, "fields": {"action_time": "2023-05-11T08:36:08.504Z", "user": 1, "content_type": 10, "object_id": "13", "object_repr": "\u0425\u0435\u0434\u0430 \u0411\u0430\u0446\u0430\u0435\u0432\u0430", "action_flag": 2, "change_message": "[{\"changed\": {\"fields\": [\"first_name\", \"last_name\"]}}]"}}, {"model": "admin.logentry", "pk": 78, "fields": {"action_time": "2023-05-11T08:36:17.990Z", "user": 1, "content_type": 10, "object_id": "12", "object_repr": "\u0418\u0441\u043b\u0430\u043c \u0414\u043e\u043a\u0430\u0435\u0432", "action_flag": 2, "change_message": "[{\"changed\": {\"fields\": [\"first_name\", \"last_name\"]}}]"}}, {"model": "admin.logentry", "pk": 79, "fields": {"action_time": "2023-05-11T08:36:28.978Z", "user": 1, "content_type": 10, "object_id": "15", "object_repr": "\u0417\u0430\u043b\u0438\u043d\u0430 \u041a\u0443\u043d\u0442\u0430\u0435\u0432\u0430", "action_flag": 2, "change_message": "[{\"changed\": {\"fields\": [\"published\"]}}]"}}, {"model": "admin.logentry", "pk": 80, "fields": {"action_time": "2023-05-12T08:52:04.073Z", "user": 1, "content_type": 16, "object_id": "4", "object_repr": "\u041b\u0438\u0446\u0435\u043d\u0437\u0438\u044f \u043d\u0430 \u043e\u0441\u0443\u0449\u0435\u0441\u0442\u0432\u043b\u0435\u043d\u0438\u0435 \u043c\u0435\u0434\u0438\u0446\u0438\u043d\u0441\u043a\u043e\u0439 \u0434\u0435\u044f\u0442\u0435\u043b\u044c\u043d\u043e\u0441\u0442\u0438", "action_flag": 2, "change_message": "[{\"changed\": {\"fields\": [\"file\"]}}]"}}, {"model": "admin.logentry", "pk": 81, "fields": {"action_time": "2023-05-12T08:52:22.986Z", "user": 1, "content_type": 16, "object_id": "3", "object_repr": "\u041b\u0438\u0446\u0435\u043d\u0437\u0438\u044f \u0434\u0435\u044f\u0442\u0435\u043b\u044c\u043d\u043e\u0441\u0442\u0438 \u043f\u043e \u043e\u0431\u043e\u0440\u043e\u0442\u0443 \u043d\u0430\u0440\u043a\u043e\u0442\u0438\u0447\u0435\u0441\u043a\u0438\u0445 \u0441\u0440\u0435\u0434\u0441\u0442\u0432", "action_flag": 2, "change_message": "[{\"changed\": {\"fields\": [\"file\"]}}]"}}, {"model": "admin.logentry", "pk": 82, "fields": {"action_time": "2023-05-12T08:52:32.030Z", "user": 1, "content_type": 16, "object_id": "2", "object_repr": "\u041b\u0438\u0446\u0435\u043d\u0437\u0438\u044f \u043d\u0430 \u0444\u0430\u0440\u043c\u0430\u0446\u0435\u0432\u0442\u0438\u0447\u0435\u0441\u043a\u0443\u044e \u0434\u0435\u044f\u0442\u0435\u043b\u044c\u043d\u043e\u0441\u0442\u044c", "action_flag": 2, "change_message": "[{\"changed\": {\"fields\": [\"file\"]}}]"}}, {"model": "admin.logentry", "pk": 83, "fields": {"action_time": "2023-05-14T10:27:18.249Z", "user": 1, "content_type": 10, "object_id": "16", "object_repr": "\u041c\u043e\u0432\u043b\u0435\u0442 \u0422\u0435\u043c\u0438\u0440\u0433\u0435\u0440\u0435\u0435\u0432", "action_flag": 1, "change_message": "[{\"added\": {}}]"}}, {"model": "admin.logentry", "pk": 84, "fields": {"action_time": "2023-05-14T10:27:54.138Z", "user": 1, "content_type": 10, "object_id": "17", "object_repr": "\u0423\u043c\u0430\u043b\u0430\u0442 \u0422\u0430\u0440\u0430\u043c\u043e\u0432", "action_flag": 1, "change_message": "[{\"added\": {}}]"}}, {"model": "admin.logentry", "pk": 85, "fields": {"action_time": "2023-05-17T06:04:07.493Z", "user": 1, "content_type": 9, "object_id": "3", "object_repr": "\u0426\u0438\u0442\u043e\u043b\u043e\u0433\u0438\u0447\u0435\u0441\u043a\u0430\u044f \u043b\u0430\u0431\u043e\u0440\u0430\u0442\u043e\u0440\u0438\u044f", "action_flag": 1, "change_message": "[{\"added\": {}}]"}}, {"model": "admin.logentry", "pk": 86, "fields": {"action_time": "2023-05-17T06:04:21.835Z", "user": 1, "content_type": 9, "object_id": "4", "object_repr": "\u041a\u043b\u0438\u043d\u0438\u043a\u043e-\u0434\u0438\u0430\u0433\u043d\u043e\u0441\u0442\u0438\u0447\u0435\u0441\u043a\u0430\u044f \u043b\u0430\u0431\u043e\u0440\u0430\u0442\u043e\u0440\u0438\u044f", "action_flag": 1, "change_message": "[{\"added\": {}}]"}}, {"model": "admin.logentry", "pk": 87, "fields": {"action_time": "2023-05-17T06:04:53.350Z", "user": 1, "content_type": 9, "object_id": "5", "object_repr": "\u041f\u0430\u0442\u043e\u043b\u043e\u0433\u043e\u0430\u043d\u0430\u0442\u043e\u043c\u0438\u0447\u0435\u0441\u043a\u043e\u0435 \u043e\u0442\u0434\u0435\u043b\u0435\u043d\u0438\u0435", "action_flag": 1, "change_message": "[{\"added\": {}}]"}}, {"model": "admin.logentry", "pk": 88, "fields": {"action_time": "2023-05-17T06:05:10.115Z", "user": 1, "content_type": 9, "object_id": "6", "object_repr": "\u0425\u0438\u043c\u0438\u043e\u0442\u0435\u0440\u0430\u043f\u0435\u0432\u0442\u0438\u0447\u0435\u0441\u043a\u043e\u0435 \u043e\u0442\u0434\u0435\u043b\u0435\u043d\u0438\u0435 \u2116 1", "action_flag": 1, "change_message": "[{\"added\": {}}]"}}, {"model": "admin.logentry", "pk": 89, "fields": {"action_time": "2023-05-17T06:05:25.558Z", "user": 1, "content_type": 9, "object_id": "7", "object_repr": "\u0425\u0438\u043c\u0438\u043e\u0442\u0435\u0440\u0430\u043f\u0435\u0432\u0442\u0438\u0447\u0435\u0441\u043a\u043e\u0435 \u043e\u0442\u0434\u0435\u043b\u0435\u043d\u0438\u0435 \u2116 2", "action_flag": 1, "change_message": "[{\"added\": {}}]"}}, {"model": "admin.logentry", "pk": 90, "fields": {"action_time": "2023-05-17T06:07:47.304Z", "user": 1, "content_type": 9, "object_id": "8", "object_repr": "\u041e\u0442\u0434\u0435\u043b\u0435\u043d\u0438\u0435 \u043b\u0443\u0447\u0435\u0432\u043e\u0439 \u0434\u0438\u0430\u0433\u043d\u043e\u0441\u0442\u0438\u043a\u0438", "action_flag": 1, "change_message": "[{\"added\": {}}]"}}, {"model": "admin.logentry", "pk": 91, "fields": {"action_time": "2023-05-17T06:08:25.684Z", "user": 1, "content_type": 9, "object_id": "9", "object_repr": "\u041e\u0410\u0420\u0418\u0422", "action_flag": 1, "change_message": "[{\"added\": {}}]"}}, {"model": "admin.logentry", "pk": 92, "fields": {"action_time": "2023-05-17T06:09:38.301Z", "user": 1, "content_type": 9, "object_id": "10", "object_repr": "\u0414\u043d\u0435\u0432\u043d\u043e\u0439 \u0441\u0442\u0430\u0446\u0438\u043e\u043d\u0430\u0440 \u0445\u0438\u043c\u0438\u043e\u0442\u0435\u0440\u0430\u043f\u0438\u0438", "action_flag": 1, "change_message": "[{\"added\": {}}]"}}, {"model": "admin.logentry", "pk": 93, "fields": {"action_time": "2023-05-17T06:10:53.164Z", "user": 1, "content_type": 9, "object_id": "11", "object_repr": "\u041e\u0442\u0434\u0435\u043b\u0435\u043d\u0438\u0435 \u0432\u043d\u0443\u0442\u0440\u0438\u043f\u0440\u043e\u0441\u0432\u0435\u0442\u043d\u043e\u0439 \u044d\u043d\u0434\u043e\u0441\u043a\u043e\u043f\u0438\u0447\u0435\u0441\u043a\u043e\u0439 \u0434\u0438\u0430\u0433\u043d\u043e\u0441\u0442\u0438\u043a\u0438", "action_flag": 1, "change_message": "[{\"added\": {}}]"}}, {"model": "admin.logentry", "pk": 94, "fields": {"action_time": "2023-05-17T09:21:48.698Z", "user": 1, "content_type": 16, "object_id": "4", "object_repr": "\u041b\u0438\u0446\u0435\u043d\u0437\u0438\u044f \u043d\u0430 \u043e\u0441\u0443\u0449\u0435\u0441\u0442\u0432\u043b\u0435\u043d\u0438\u0435 \u043c\u0435\u0434\u0438\u0446\u0438\u043d\u0441\u043a\u043e\u0439 \u0434\u0435\u044f\u0442\u0435\u043b\u044c\u043d\u043e\u0441\u0442\u0438", "action_flag": 2, "change_message": "[{\"changed\": {\"fields\": [\"file\"]}}]"}}, {"model": "admin.logentry", "pk": 95, "fields": {"action_time": "2023-05-17T09:22:02.864Z", "user": 1, "content_type": 16, "object_id": "3", "object_repr": "\u041b\u0438\u0446\u0435\u043d\u0437\u0438\u044f \u0434\u0435\u044f\u0442\u0435\u043b\u044c\u043d\u043e\u0441\u0442\u0438 \u043f\u043e \u043e\u0431\u043e\u0440\u043e\u0442\u0443 \u043d\u0430\u0440\u043a\u043e\u0442\u0438\u0447\u0435\u0441\u043a\u0438\u0445 \u0441\u0440\u0435\u0434\u0441\u0442\u0432", "action_flag": 2, "change_message": "[{\"changed\": {\"fields\": [\"file\"]}}]"}}, {"model": "admin.logentry", "pk": 96, "fields": {"action_time": "2023-05-17T09:22:15.117Z", "user": 1, "content_type": 16, "object_id": "2", "object_repr": "\u041b\u0438\u0446\u0435\u043d\u0437\u0438\u044f \u043d\u0430 \u0444\u0430\u0440\u043c\u0430\u0446\u0435\u0432\u0442\u0438\u0447\u0435\u0441\u043a\u0443\u044e \u0434\u0435\u044f\u0442\u0435\u043b\u044c\u043d\u043e\u0441\u0442\u044c", "action_flag": 2, "change_message": "[{\"changed\": {\"fields\": [\"file\"]}}]"}}, {"model": "admin.logentry", "pk": 97, "fields": {"action_time": "2023-05-17T09:22:57.819Z", "user": 1, "content_type": 10, "object_id": "1", "object_repr": "\u0425\u0435\u0434\u0438 \u0412\u0438\u0442\u0430\u0435\u0432\u0430", "action_flag": 2, "change_message": "[{\"changed\": {\"fields\": [\"education\", \"qualification\"]}}]"}}, {"model": "admin.logentry", "pk": 98, "fields": {"action_time": "2023-05-17T10:05:23.272Z", "user": 1, "content_type": 16, "object_id": "4", "object_repr": "\u041b\u0438\u0446\u0435\u043d\u0437\u0438\u044f \u043d\u0430 \u043e\u0441\u0443\u0449\u0435\u0441\u0442\u0432\u043b\u0435\u043d\u0438\u0435 \u043c\u0435\u0434\u0438\u0446\u0438\u043d\u0441\u043a\u043e\u0439 \u0434\u0435\u044f\u0442\u0435\u043b\u044c\u043d\u043e\u0441\u0442\u0438", "action_flag": 2, "change_message": "[{\"changed\": {\"fields\": [\"file\"]}}]"}}, {"model": "admin.logentry", "pk": 99, "fields": {"action_time": "2023-05-17T10:05:41.364Z", "user": 1, "content_type": 16, "object_id": "3", "object_repr": "\u041b\u0438\u0446\u0435\u043d\u0437\u0438\u044f \u0434\u0435\u044f\u0442\u0435\u043b\u044c\u043d\u043e\u0441\u0442\u0438 \u043f\u043e \u043e\u0431\u043e\u0440\u043e\u0442\u0443 \u043d\u0430\u0440\u043a\u043e\u0442\u0438\u0447\u0435\u0441\u043a\u0438\u0445 \u0441\u0440\u0435\u0434\u0441\u0442\u0432", "action_flag": 2, "change_message": "[{\"changed\": {\"fields\": [\"file\"]}}]"}}, {"model": "admin.logentry", "pk": 100, "fields": {"action_time": "2023-05-17T10:05:59.337Z", "user": 1, "content_type": 16, "object_id": "2", "object_repr": "\u041b\u0438\u0446\u0435\u043d\u0437\u0438\u044f \u043d\u0430 \u0444\u0430\u0440\u043c\u0430\u0446\u0435\u0432\u0442\u0438\u0447\u0435\u0441\u043a\u0443\u044e \u0434\u0435\u044f\u0442\u0435\u043b\u044c\u043d\u043e\u0441\u0442\u044c", "action_flag": 2, "change_message": "[{\"changed\": {\"fields\": [\"file\"]}}]"}}, {"model": "admin.logentry", "pk": 101, "fields": {"action_time": "2023-05-18T06:55:06.967Z", "user": 1, "content_type": 9, "object_id": "12", "object_repr": "\u041e\u0442\u0434\u0435\u043b\u0435\u043d\u0438\u0435 \u0440\u0430\u0434\u0438\u043e\u0442\u0435\u0440\u0430\u043f\u0438\u0438", "action_flag": 1, "change_message": "[{\"added\": {}}]"}}, {"model": "admin.logentry", "pk": 102, "fields": {"action_time": "2023-05-18T06:55:56.107Z", "user": 1, "content_type": 9, "object_id": "13", "object_repr": "\u041e\u0442\u0434\u0435\u043b\u0435\u043d\u0438\u0435 \u043f\u0430\u043b\u043b\u0438\u0430\u0442\u0438\u0432\u043d\u043e\u0439 \u043f\u043e\u043c\u043e\u0449\u0438 \u043e\u043d\u043a\u043e\u043b\u043e\u0433\u0438\u0447\u0435\u0441\u043a\u0438\u043c \u0431\u043e\u043b\u044c\u043d\u044b\u043c", "action_flag": 1, "change_message": "[{\"added\": {}}]"}}, {"model": "admin.logentry", "pk": 103, "fields": {"action_time": "2023-05-18T06:59:02.894Z", "user": 1, "content_type": 9, "object_id": "14", "object_repr": "\u041f\u0440\u0438\u0435\u043c\u043d\u043e\u0435 \u043e\u0442\u0434\u0435\u043b\u0435\u043d\u0438\u0435", "action_flag": 1, "change_message": "[{\"added\": {}}]"}}, {"model": "admin.logentry", "pk": 104, "fields": {"action_time": "2023-05-18T07:01:20.689Z", "user": 1, "content_type": 9, "object_id": "15", "object_repr": "\u041e\u0442\u0434\u0435\u043b\u0435\u043d\u0438\u0435 \u043e\u043f\u0443\u0445\u043e\u043b\u0435\u0439 \u043c\u043e\u043b\u043e\u0447\u043d\u043e\u0439 \u0436\u0435\u043b\u0435\u0437\u044b", "action_flag": 1, "change_message": "[{\"added\": {}}]"}}, {"model": "admin.logentry", "pk": 105, "fields": {"action_time": "2023-05-18T07:01:39.383Z", "user": 1, "content_type": 9, "object_id": "16", "object_repr": "\u041e\u0442\u0434\u0435\u043b\u0435\u043d\u0438\u0435 \u043e\u043d\u043a\u043e\u0433\u0438\u043d\u0435\u043a\u043e\u043b\u043e\u0433\u0438\u0438", "action_flag": 1, "change_message": "[{\"added\": {}}]"}}, {"model": "admin.logentry", "pk": 106, "fields": {"action_time": "2023-05-18T07:02:16.652Z", "user": 1, "content_type": 9, "object_id": "17", "object_repr": "\u041e\u0442\u0434\u0435\u043b\u0435\u043d\u0438\u0435 \u0430\u0431\u0434\u043e\u043c\u0438\u043d\u0430\u043b\u044c\u043d\u043e\u0439 \u043e\u043d\u043a\u043e\u043b\u043e\u0433\u0438\u0438", "action_flag": 1, "change_message": "[{\"added\": {}}]"}}, {"model": "admin.logentry", "pk": 107, "fields": {"action_time": "2023-05-18T07:02:31.756Z", "user": 1, "content_type": 9, "object_id": "18", "object_repr": "\u041e\u0442\u0434\u0435\u043b\u0435\u043d\u0438\u0435 \u043e\u043d\u043a\u043e\u0443\u0440\u043e\u043b\u043e\u0433\u0438\u0438", "action_flag": 1, "change_message": "[{\"added\": {}}]"}}, {"model": "admin.logentry", "pk": 108, "fields": {"action_time": "2023-05-18T07:07:50.933Z", "user": 1, "content_type": 9, "object_id": "19", "object_repr": "\u041e\u0442\u0434\u0435\u043b\u0435\u043d\u0438\u0435 \u043e\u043f\u0443\u0445\u043e\u043b\u0435\u0439 \u0433\u043e\u043b\u043e\u0432\u044b \u0438 \u0448\u0435\u0438", "action_flag": 1, "change_message": "[{\"added\": {}}]"}}, {"model": "admin.logentry", "pk": 109, "fields": {"action_time": "2023-05-22T11:31:42.345Z", "user": 1, "content_type": 10, "object_id": "12", "object_repr": "\u0418\u0441\u043b\u0430\u043c \u0414\u043e\u043a\u0430\u0435\u0432", "action_flag": 2, "change_message": "[{\"changed\": {\"fields\": [\"image\"]}}]"}}, {"model": "admin.logentry", "pk": 110, "fields": {"action_time": "2023-05-22T11:32:12.638Z", "user": 1, "content_type": 10, "object_id": "12", "object_repr": "\u0418\u0441\u043b\u0430\u043c \u0414\u043e\u043a\u0430\u0435\u0432", "action_flag": 2, "change_message": "[{\"changed\": {\"fields\": [\"image\"]}}]"}}, {"model": "admin.logentry", "pk": 111, "fields": {"action_time": "2023-05-22T11:51:59.639Z", "user": 1, "content_type": 10, "object_id": "1", "object_repr": "\u0425\u0435\u0434\u0438 \u0412\u0438\u0442\u0430\u0435\u0432\u0430", "action_flag": 2, "change_message": "[{\"changed\": {\"fields\": [\"qualification\"]}}]"}}, {"model": "admin.logentry", "pk": 112, "fields": {"action_time": "2023-05-22T11:55:44.061Z", "user": 1, "content_type": 10, "object_id": "2", "object_repr": "\u0418\u0437\u0440\u0430\u0438\u043b \u0414\u0436\u0430\u0431\u0440\u0430\u0438\u043b\u043e\u0432", "action_flag": 2, "change_message": "[{\"changed\": {\"fields\": [\"education\", \"qualification\"]}}]"}}, {"model": "admin.logentry", "pk": 113, "fields": {"action_time": "2023-05-22T12:05:27.489Z", "user": 1, "content_type": 10, "object_id": "1", "object_repr": "\u0425\u0435\u0434\u0438 \u0412\u0438\u0442\u0430\u0435\u0432\u0430", "action_flag": 2, "change_message": "[]"}}, {"model": "admin.logentry", "pk": 114, "fields": {"action_time": "2023-05-22T12:08:35.492Z", "user": 1, "content_type": 10, "object_id": "3", "object_repr": "\u041a\u043e\u043a\u0430 \u0417\u0430\u0439\u043f\u0443\u043b\u0430\u0435\u0432\u0430", "action_flag": 2, "change_message": "[{\"changed\": {\"fields\": [\"education\", \"qualification\"]}}]"}}, {"model": "admin.logentry", "pk": 115, "fields": {"action_time": "2023-05-22T12:10:47.514Z", "user": 1, "content_type": 10, "object_id": "4", "object_repr": "\u0417\u0430\u0443\u0440\u0431\u0435\u043a \u0418\u0441\u043c\u0430\u0438\u043b\u043e\u0432", "action_flag": 2, "change_message": "[{\"changed\": {\"fields\": [\"education\", \"qualification\"]}}]"}}, {"model": "admin.logentry", "pk": 116, "fields": {"action_time": "2023-05-23T05:11:06.047Z", "user": 1, "content_type": 10, "object_id": "5", "object_repr": "\u0410\u0445\u043c\u0435\u0434 \u0421\u043e\u043b\u0442\u0430\u043c\u0443\u0440\u0430\u0434\u043e\u0432", "action_flag": 2, "change_message": "[{\"changed\": {\"fields\": [\"education\", \"qualification\"]}}]"}}, {"model": "admin.logentry", "pk": 117, "fields": {"action_time": "2023-05-23T05:16:17.792Z", "user": 1, "content_type": 10, "object_id": "6", "object_repr": "\u0425\u0438\u0437\u0438\u0440 \u0421\u043e\u043b\u0442\u0430\u043c\u0443\u0440\u0430\u0434\u043e\u0432", "action_flag": 2, "change_message": "[{\"changed\": {\"fields\": [\"education\", \"qualification\"]}}]"}}, {"model": "admin.logentry", "pk": 118, "fields": {"action_time": "2023-05-23T05:17:32.749Z", "user": 1, "content_type": 10, "object_id": "7", "object_repr": "\u0420\u0430\u0437\u0438\u0442\u0430 \u0422\u0430\u0439\u0441\u0443\u043c\u043e\u0432\u0430", "action_flag": 2, "change_message": "[{\"changed\": {\"fields\": [\"education\", \"qualification\"]}}]"}}, {"model": "admin.logentry", "pk": 119, "fields": {"action_time": "2023-05-23T05:20:11.723Z", "user": 1, "content_type": 10, "object_id": "8", "object_repr": "\u041c\u0430\u0434\u0438\u043d\u0430 \u0423\u0441\u043c\u0430\u043d\u043e\u0432\u0430", "action_flag": 2, "change_message": "[{\"changed\": {\"fields\": [\"education\", \"qualification\"]}}]"}}, {"model": "admin.logentry", "pk": 120, "fields": {"action_time": "2023-05-23T05:21:58.763Z", "user": 1, "content_type": 10, "object_id": "9", "object_repr": "\u041a\u0430\u043c\u0435\u0442\u0430 \u0425\u0430\u0434\u0438\u0441\u043e\u0432\u0430", "action_flag": 2, "change_message": "[{\"changed\": {\"fields\": [\"education\", \"qualification\"]}}]"}}, {"model": "admin.logentry", "pk": 121, "fields": {"action_time": "2023-05-23T05:24:22.564Z", "user": 1, "content_type": 10, "object_id": "10", "object_repr": "\u041c\u0430\u043a\u043a\u0430 \u0425\u0430\u0434\u0438\u0441\u043e\u0432\u0430", "action_flag": 2, "change_message": "[{\"changed\": {\"fields\": [\"education\", \"qualification\"]}}]"}}, {"model": "admin.logentry", "pk": 122, "fields": {"action_time": "2023-05-23T05:28:03.758Z", "user": 1, "content_type": 10, "object_id": "11", "object_repr": "\u041c\u0430\u0434\u0438\u043d\u0430 \u0422\u0430\u0442\u0430\u0435\u0432\u0430", "action_flag": 2, "change_message": "[{\"changed\": {\"fields\": [\"education\", \"qualification\"]}}]"}}, {"model": "admin.logentry", "pk": 123, "fields": {"action_time": "2023-05-23T05:31:02.423Z", "user": 1, "content_type": 10, "object_id": "12", "object_repr": "\u0418\u0441\u043b\u0430\u043c \u0414\u043e\u043a\u0430\u0435\u0432", "action_flag": 2, "change_message": "[{\"changed\": {\"fields\": [\"education\", \"qualification\"]}}]"}}, {"model": "admin.logentry", "pk": 124, "fields": {"action_time": "2023-05-23T05:40:53.488Z", "user": 1, "content_type": 10, "object_id": "13", "object_repr": "\u0425\u0435\u0434\u0430 \u0411\u0430\u0446\u0430\u0435\u0432\u0430", "action_flag": 2, "change_message": "[{\"changed\": {\"fields\": [\"education\", \"qualification\"]}}]"}}, {"model": "admin.logentry", "pk": 125, "fields": {"action_time": "2023-05-23T05:42:33.033Z", "user": 1, "content_type": 10, "object_id": "14", "object_repr": "\u041c\u0430\u0434\u0438\u043d\u0430 \u0422\u0430\u0442\u0430\u0435\u0432\u0430", "action_flag": 2, "change_message": "[{\"changed\": {\"fields\": [\"education\", \"qualification\"]}}]"}}, {"model": "admin.logentry", "pk": 126, "fields": {"action_time": "2023-05-23T05:44:46.461Z", "user": 1, "content_type": 10, "object_id": "15", "object_repr": "\u0417\u0430\u043b\u0438\u043d\u0430 \u041a\u0443\u043d\u0442\u0430\u0435\u0432\u0430", "action_flag": 2, "change_message": "[{\"changed\": {\"fields\": [\"education\", \"qualification\"]}}]"}}, {"model": "admin.logentry", "pk": 127, "fields": {"action_time": "2023-05-23T05:45:49.454Z", "user": 1, "content_type": 10, "object_id": "16", "object_repr": "\u041c\u043e\u0432\u043b\u0435\u0442 \u0422\u0435\u043c\u0438\u0440\u0433\u0435\u0440\u0435\u0435\u0432", "action_flag": 2, "change_message": "[{\"changed\": {\"fields\": [\"education\", \"qualification\"]}}]"}}, {"model": "admin.logentry", "pk": 128, "fields": {"action_time": "2023-05-23T05:50:09.771Z", "user": 1, "content_type": 10, "object_id": "17", "object_repr": "\u0423\u043c\u0430\u043b\u0430\u0442 \u0422\u0430\u0440\u0430\u043c\u043e\u0432", "action_flag": 2, "change_message": "[{\"changed\": {\"fields\": [\"education\", \"qualification\"]}}]"}}, {"model": "admin.logentry", "pk": 129, "fields": {"action_time": "2023-05-23T08:48:44.527Z", "user": 1, "content_type": 13, "object_id": "6", "object_repr": "\u0421\u043e\u0442\u0440\u0443\u043d\u0438\u043a: \u0418\u0437\u0440\u0430\u0438\u043b \u0414\u0436\u0430\u0431\u0440\u0430\u0438\u043b\u043e\u0432 \u041e\u0446\u0435\u043d\u043a\u0430: 5 \u0410\u0432\u0442\u043e\u0440: sirius", "action_flag": 3, "change_message": ""}}, {"model": "admin.logentry", "pk": 130, "fields": {"action_time": "2023-05-23T08:48:59.894Z", "user": 1, "content_type": 13, "object_id": "10", "object_repr": "\u0421\u043e\u0442\u0440\u0443\u043d\u0438\u043a: \u0417\u0430\u0443\u0440\u0431\u0435\u043a \u0418\u0441\u043c\u0430\u0438\u043b\u043e\u0432 \u041e\u0446\u0435\u043d\u043a\u0430: 5 \u0410\u0432\u0442\u043e\u0440: Nazarbek", "action_flag": 3, "change_message": ""}}, {"model": "admin.logentry", "pk": 131, "fields": {"action_time": "2023-05-23T08:48:59.896Z", "user": 1, "content_type": 13, "object_id": "8", "object_repr": "\u0421\u043e\u0442\u0440\u0443\u043d\u0438\u043a: \u0417\u0430\u043b\u0438\u043d\u0430 \u041a\u0443\u043d\u0442\u0430\u0435\u0432\u0430 \u041e\u0446\u0435\u043d\u043a\u0430: 5 \u0410\u0432\u0442\u043e\u0440: sirius", "action_flag": 3, "change_message": ""}}, {"model": "admin.logentry", "pk": 132, "fields": {"action_time": "2023-05-23T08:48:59.898Z", "user": 1, "content_type": 13, "object_id": "7", "object_repr": "\u0421\u043e\u0442\u0440\u0443\u043d\u0438\u043a: \u0417\u0430\u0443\u0440\u0431\u0435\u043a \u0418\u0441\u043c\u0430\u0438\u043b\u043e\u0432 \u041e\u0446\u0435\u043d\u043a\u0430: 5 \u0410\u0432\u0442\u043e\u0440: sirius", "action_flag": 3, "change_message": ""}}, {"model": "admin.logentry", "pk": 133, "fields": {"action_time": "2023-05-23T11:13:06.014Z", "user": 1, "content_type": 11, "object_id": "2", "object_repr": "\u0417\u0430\u0432\u0435\u0434\u0443\u044e\u0449\u0438\u0439 \u043e\u0442\u0434\u0435\u043b\u0435\u043d\u0438\u0435\u043c", "action_flag": 1, "change_message": "[{\"added\": {}}]"}}, {"model": "admin.logentry", "pk": 134, "fields": {"action_time": "2023-05-23T11:13:13.138Z", "user": 1, "content_type": 10, "object_id": "18", "object_repr": "\u0410\u0434\u0430\u043c \u0422\u043e\u043a\u0430\u0435\u0432", "action_flag": 1, "change_message": "[{\"added\": {}}]"}}, {"model": "admin.logentry", "pk": 135, "fields": {"action_time": "2023-05-23T11:16:37.014Z", "user": 1, "content_type": 10, "object_id": "19", "object_repr": "\u0417\u0430\u043b\u0438\u043d\u0430 \u0422\u0435\u043c\u0438\u0440\u043a\u0430\u0435\u0432\u0430", "action_flag": 1, "change_message": "[{\"added\": {}}]"}}, {"model": "admin.logentry", "pk": 136, "fields": {"action_time": "2023-05-23T11:18:12.470Z", "user": 1, "content_type": 10, "object_id": "20", "object_repr": "\u041c\u044f\u043b\u0445-\u0410\u0437\u043d\u0438 \u041f\u0435\u0448\u0445\u043e\u0435\u0432\u0430", "action_flag": 1, "change_message": "[{\"added\": {}}]"}}, {"model": "admin.logentry", "pk": 137, "fields": {"action_time": "2023-05-23T11:21:43.021Z", "user": 1, "content_type": 10, "object_id": "21", "object_repr": "\u0420\u0430\u0438\u0441\u0430 \u0418\u0434\u0438\u0433\u043e\u0432\u0430", "action_flag": 1, "change_message": "[{\"added\": {}}]"}}, {"model": "admin.logentry", "pk": 138, "fields": {"action_time": "2023-05-23T11:21:53.722Z", "user": 1, "content_type": 10, "object_id": "20", "object_repr": "\u041c\u044f\u043b\u0445-\u0410\u0437\u043d\u0438 \u041f\u0435\u0448\u0445\u043e\u0435\u0432\u0430", "action_flag": 2, "change_message": "[{\"changed\": {\"fields\": [\"published\"]}}]"}}, {"model": "admin.logentry", "pk": 139, "fields": {"action_time": "2023-05-23T11:21:58.639Z", "user": 1, "content_type": 10, "object_id": "19", "object_repr": "\u0417\u0430\u043b\u0438\u043d\u0430 \u0422\u0435\u043c\u0438\u0440\u043a\u0430\u0435\u0432\u0430", "action_flag": 2, "change_message": "[{\"changed\": {\"fields\": [\"published\"]}}]"}}, {"model": "admin.logentry", "pk": 140, "fields": {"action_time": "2023-05-23T11:58:07.682Z", "user": 1, "content_type": 7, "object_id": "1", "object_repr": "\u041a\u0430\u043d\u0434\u0438\u0434\u0430\u0442 \u043c\u0435\u0434\u0438\u0446\u0438\u043d\u0441\u043a\u0438\u0445 \u043d\u0430\u0443\u043a", "action_flag": 1, "change_message": "[{\"added\": {}}]"}}, {"model": "admin.logentry", "pk": 141, "fields": {"action_time": "2023-05-23T11:58:11.853Z", "user": 1, "content_type": 10, "object_id": "22", "object_repr": "\u042d\u043c\u0438\u043b\u0438\u044f \u041a\u0430\u0434\u0438\u0435\u0432\u0430", "action_flag": 1, "change_message": "[{\"added\": {}}]"}}, {"model": "admin.logentry", "pk": 142, "fields": {"action_time": "2023-05-23T11:59:24.486Z", "user": 1, "content_type": 10, "object_id": "22", "object_repr": "\u042d\u043c\u0438\u043b\u0438\u044f \u041a\u0430\u0434\u0438\u0435\u0432\u0430", "action_flag": 2, "change_message": "[{\"changed\": {\"fields\": [\"published\"]}}]"}}, {"model": "admin.logentry", "pk": 143, "fields": {"action_time": "2023-05-24T05:33:32.731Z", "user": 1, "content_type": 10, "object_id": "22", "object_repr": "\u042d\u043c\u0438\u043b\u0438\u044f \u041a\u0430\u0434\u0438\u0435\u0432\u0430", "action_flag": 2, "change_message": "[{\"changed\": {\"fields\": [\"published\"]}}]"}}, {"model": "admin.logentry", "pk": 144, "fields": {"action_time": "2023-05-24T05:40:21.269Z", "user": 1, "content_type": 10, "object_id": "23", "object_repr": "\u0424\u0430\u0442\u0438\u043c\u0430 \u0418\u0441\u0430\u043a\u043e\u0432\u0430", "action_flag": 1, "change_message": "[{\"added\": {}}]"}}, {"model": "admin.logentry", "pk": 145, "fields": {"action_time": "2023-05-24T05:42:36.629Z", "user": 1, "content_type": 10, "object_id": "24", "object_repr": "\u042d\u043b\u0438\u043d\u0430 \u041d\u0430\u043d\u0430\u0435\u0432\u0430", "action_flag": 1, "change_message": "[{\"added\": {}}]"}}, {"model": "admin.logentry", "pk": 146, "fields": {"action_time": "2023-05-24T05:53:47.656Z", "user": 1, "content_type": 10, "object_id": "25", "object_repr": "\u041c\u043e\u0432\u043b\u0435\u0442 \u0422\u0435\u043c\u0438\u0440\u0433\u0435\u0440\u0435\u0435\u0432", "action_flag": 1, "change_message": "[{\"added\": {}}]"}}, {"model": "admin.logentry", "pk": 147, "fields": {"action_time": "2023-05-24T05:58:17.614Z", "user": 1, "content_type": 10, "object_id": "26", "object_repr": "\u0423\u043c\u0430\u043b\u0430\u0442 \u0422\u0430\u0440\u0430\u043c\u043e\u0432", "action_flag": 1, "change_message": "[{\"added\": {}}]"}}, {"model": "admin.logentry", "pk": 148, "fields": {"action_time": "2023-05-24T06:00:55.984Z", "user": 1, "content_type": 10, "object_id": "27", "object_repr": "\u0418\u0437\u0440\u0430\u0438\u043b \u0414\u0436\u0430\u0431\u0440\u0430\u0438\u043b\u043e\u0432", "action_flag": 1, "change_message": "[{\"added\": {}}]"}}, {"model": "admin.logentry", "pk": 149, "fields": {"action_time": "2023-05-24T06:03:19.787Z", "user": 1, "content_type": 10, "object_id": "28", "object_repr": "\u042d\u043b\u044c\u0434\u0430\u0440 \u041c\u0430\u0433\u043e\u043c\u0430\u0434\u043e\u0432", "action_flag": 1, "change_message": "[{\"added\": {}}]"}}, {"model": "admin.logentry", "pk": 150, "fields": {"action_time": "2023-05-24T06:06:29.712Z", "user": 1, "content_type": 10, "object_id": "29", "object_repr": "\u0410\u0434\u043b\u0430\u043d \u0411\u0430\u0437\u0430\u0435\u0432", "action_flag": 1, "change_message": "[{\"added\": {}}]"}}, {"model": "admin.logentry", "pk": 151, "fields": {"action_time": "2023-05-24T06:15:58.692Z", "user": 1, "content_type": 10, "object_id": "30", "object_repr": "\u0410\u043b\u0438\u0445\u0430\u043d \u0413\u0435\u0445\u0430\u0435\u0432", "action_flag": 1, "change_message": "[{\"added\": {}}]"}}, {"model": "admin.logentry", "pk": 152, "fields": {"action_time": "2023-05-24T06:18:08.605Z", "user": 1, "content_type": 10, "object_id": "31", "object_repr": "\u041b\u0435\u0447\u0430 \u0418\u0431\u0440\u0430\u0433\u0438\u043c\u043e\u0432", "action_flag": 1, "change_message": "[{\"added\": {}}]"}}, {"model": "admin.logentry", "pk": 153, "fields": {"action_time": "2023-05-24T06:20:09.243Z", "user": 1, "content_type": 10, "object_id": "32", "object_repr": "\u0410\u043b\u0445\u0430\u0437\u0443\u0440 \u0421\u0443\u043b\u0435\u0439\u043c\u0430\u043d\u043e\u0432", "action_flag": 1, "change_message": "[{\"added\": {}}]"}}, {"model": "admin.logentry", "pk": 154, "fields": {"action_time": "2023-05-24T06:22:33.612Z", "user": 1, "content_type": 10, "object_id": "33", "object_repr": "\u0418\u0434\u0440\u0438\u0441 \u0427\u0430\u043d\u0438\u0435\u0432", "action_flag": 1, "change_message": "[{\"added\": {}}]"}}, {"model": "admin.logentry", "pk": 155, "fields": {"action_time": "2023-05-24T06:25:11.792Z", "user": 1, "content_type": 10, "object_id": "33", "object_repr": "\u0418\u0434\u0440\u0438\u0441 \u0427\u0430\u043d\u0438\u0435\u0432", "action_flag": 2, "change_message": "[]"}}, {"model": "admin.logentry", "pk": 156, "fields": {"action_time": "2023-05-24T07:41:57.218Z", "user": 1, "content_type": 10, "object_id": "18", "object_repr": "\u0410\u0434\u0430\u043c \u0422\u043e\u043a\u0430\u0435\u0432", "action_flag": 2, "change_message": "[{\"changed\": {\"fields\": [\"image\"]}}]"}}, {"model": "admin.logentry", "pk": 157, "fields": {"action_time": "2023-05-24T07:42:25.975Z", "user": 1, "content_type": 10, "object_id": "18", "object_repr": "\u0410\u0434\u0430\u043c \u0422\u043e\u043a\u0430\u0435\u0432", "action_flag": 2, "change_message": "[{\"changed\": {\"fields\": [\"image\"]}}]"}}]